[2026-07-30T09:50:39.901] [DEBUG] debug-file - env: nodejsVersion=v18.20.1
[2026-07-30T09:50:40.008] [DEBUG] debug-file - Hvigor init with startParameters:{
  hvigorfileTypeCheck: false,
  parallelExecution: true,
  incrementalExecution: true,
  printStackTrace: false,
  daemon: false,
  analyze: 0,
  logLevel: Level { level: 20000, levelStr: 'INFO', colour: 'green' },
  optimizationStrategy: 'memory',
  hotCompile: undefined,
  hotReloadBuild: undefined,
  customizedParam: undefined
}
[2026-07-30T09:50:40.649] [DEBUG] debug-file - Starting plugin build process
[2026-07-30T09:50:40.649] [DEBUG] debug-file - hvigorfile, require result:  { default: { system: [Function: appTasks], plugins: [] } }
[2026-07-30T09:50:40.719] [DEBUG] debug-file - App plugin register hook start...
[2026-07-30T09:50:40.719] [DEBUG] debug-file - Start initialize project's product build option map with build mode debug.
[2026-07-30T09:50:40.720] [DEBUG] debug-file - Obtain build option for product 'default'in this build.
[2026-07-30T09:50:40.723] [DEBUG] debug-file - Start recording SDK configuration permission data.
[2026-07-30T09:50:40.742] [DEBUG] debug-file - Project task initialization takes 2 ms 
[2026-07-30T09:50:40.745] [DEBUG] debug-file - failed to load cangjie to dynamically generate schemas: Error: Cannot find module '@ohos/cangjie-build-support/index'
Require stack:
- /private/var/folders/rr/kxczvs853b3215s_zkhvslhc0000gn/T/AppTranslocation/50C923EE-F32C-45EC-9145-411BE35426DC/d/DevEco-Studio.app/Contents/tools/hvigor/hvigor-ohos-plugin/src/plugin/hooks/cangjie-register.js
- /private/var/folders/rr/kxczvs853b3215s_zkhvslhc0000gn/T/AppTranslocation/50C923EE-F32C-45EC-9145-411BE35426DC/d/DevEco-Studio.app/Contents/tools/hvigor/hvigor-ohos-plugin/src/plugin/strategy/stage-init-strategy.js
- /private/var/folders/rr/kxczvs853b3215s_zkhvslhc0000gn/T/AppTranslocation/50C923EE-F32C-45EC-9145-411BE35426DC/d/DevEco-Studio.app/Contents/tools/hvigor/hvigor-ohos-plugin/src/plugin/builder/abstract-plugin-builder.js
- /private/var/folders/rr/kxczvs853b3215s_zkhvslhc0000gn/T/AppTranslocation/50C923EE-F32C-45EC-9145-411BE35426DC/d/DevEco-Studio.app/Contents/tools/hvigor/hvigor-ohos-plugin/src/plugin/builder/app-plugin-builder.js
- /private/var/folders/rr/kxczvs853b3215s_zkhvslhc0000gn/T/AppTranslocation/50C923EE-F32C-45EC-9145-411BE35426DC/d/DevEco-Studio.app/Contents/tools/hvigor/hvigor-ohos-plugin/src/plugin/factory/plugin-factory.js
- /private/var/folders/rr/kxczvs853b3215s_zkhvslhc0000gn/T/AppTranslocation/50C923EE-F32C-45EC-9145-411BE35426DC/d/DevEco-Studio.app/Contents/tools/hvigor/hvigor-ohos-plugin/index.js
- /Users/liuzheng/githubProjects/hossleep/hvigorfile.ts
- /private/var/folders/rr/kxczvs853b3215s_zkhvslhc0000gn/T/AppTranslocation/50C923EE-F32C-45EC-9145-411BE35426DC/d/DevEco-Studio.app/Contents/tools/hvigor/hvigor/src/base/internal/lifecycle/configuration.js
- /private/var/folders/rr/kxczvs853b3215s_zkhvslhc0000gn/T/AppTranslocation/50C923EE-F32C-45EC-9145-411BE35426DC/d/DevEco-Studio.app/Contents/tools/hvigor/hvigor/src/base/boot/index.js
- /private/var/folders/rr/kxczvs853b3215s_zkhvslhc0000gn/T/AppTranslocation/50C923EE-F32C-45EC-9145-411BE35426DC/d/DevEco-Studio.app/Contents/tools/hvigor/hvigor/src/cli/main/cli.js
- /private/var/folders/rr/kxczvs853b3215s_zkhvslhc0000gn/T/AppTranslocation/50C923EE-F32C-45EC-9145-411BE35426DC/d/DevEco-Studio.app/Contents/tools/hvigor/hvigor/bin/hvigor.js
[2026-07-30T09:50:40.750] [DEBUG] debug-file - Start initialize module-target build option map, moduleName=entry, buildMode=debug
[2026-07-30T09:50:40.752] [DEBUG] debug-file - project has submodules:entry
[2026-07-30T09:50:40.753] [DEBUG] debug-file - start to load updatedOhPackageInfo to the disk
[2026-07-30T09:50:40.755] [DEBUG] debug-file - Start to initialize dependency information.
[2026-07-30T09:50:40.886] [DEBUG] debug-file - entry : clean cost memory -0.2733154296875
[2026-07-30T09:50:39.901] [DEBUG] debug-file - env: hvigor-config.json5 content = {
  modelVersion: '6.0.0',
  dependencies: {},
  execution: {},
  logging: {},
  debugging: {},
  nodeOptions: {}
}
[2026-07-30T09:50:40.891] [DEBUG] debug-file - Create  resident worker with id: 0.
[2026-07-30T09:50:40.008] [DEBUG] debug-file - Since current hvigor version 6.24.3 differs from last hvigor version 
      undefined, delete file-cache.json and task-cache.json.
[2026-07-30T09:50:40.649] [DEBUG] debug-file - App plugin prepare start...
[2026-07-30T09:50:40.649] [DEBUG] debug-file - hvigorfile, binding system plugins [Function: appTasks]
[2026-07-30T09:50:40.719] [DEBUG] debug-file - App plugin register hook end...
[2026-07-30T09:50:40.719] [DEBUG] debug-file - Picking option from product 'default' with build mode 'debug'.
[2026-07-30T09:50:40.721] [DEBUG] debug-file - /Users/liuzheng/githubProjects/hossleep/build/cache/default/remote_hsp/remoteHspCache.json not exists.
[2026-07-30T09:50:40.740] [DEBUG] debug-file - Sdk init in 19 ms 
[2026-07-30T09:50:40.742] [DEBUG] debug-file - hvigorfile, begin to bind custom plugins...
[2026-07-30T09:50:40.750] [DEBUG] debug-file - Target 'default' config initialized
[2026-07-30T09:50:40.753] [DEBUG] debug-file - load to the disk finished
[2026-07-30T09:50:40.762] [DEBUG] debug-file - Module entry Collected Dependency: /Users/liuzheng/githubProjects/hossleep/oh_modules/.ohpm/@cashier_alipay+cashiersdk@15.8.43/oh_modules/@cashier_alipay/cashiersdk,/Users/liuzheng/githubProjects/hossleep/oh_modules/.ohpm/@umeng+analytics@1.2.12/oh_modules/@umeng/analytics,/Users/liuzheng/githubProjects/hossleep/oh_modules/.ohpm/@umeng+common@1.1.12/oh_modules/@umeng/common,/Users/liuzheng/githubProjects/hossleep/oh_modules/.ohpm/@taobao-ohos+utdid_sdk@ecjyoomnzz6zaipo1koz9+avemnpw7+togfp5uwrtiu=/oh_modules/@taobao-ohos/utdid_sdk,/Users/liuzheng/githubProjects/hossleep/oh_modules/.ohpm/@alipay+blueshieldsdk@qgf9fllog8tazdv8uop120fy3saz8l+7jb55+sipesk=/oh_modules/@alipay/blueshieldsdk,/Users/liuzheng/githubProjects/hossleep/oh_modules/.ohpm/pako@2.1.0/oh_modules/pako,/Users/liuzheng/githubProjects/hossleep/oh_modules/.ohpm/@umeng+common@1.1.12/oh_modules/@umeng/common/src/main/cpp/types/libcommon,/Users/liuzheng/githubProjects/hossleep/oh_modules/.ohpm/@taobao-ohos+utdid_sdk@ecjyoomnzz6zaipo1koz9+avemnpw7+togfp5uwrtiu=/oh_modules/@taobao-ohos/utdid_sdk/src/main/cpp/types/libutdid_native,/Users/liuzheng/githubProjects/hossleep/oh_modules/.ohpm/@ohos+crypto-js@2.0.5/oh_modules/@ohos/crypto-js,/Users/liuzheng/githubProjects/hossleep/oh_modules/.ohpm/@alipay+blueshieldsdk@qgf9fllog8tazdv8uop120fy3saz8l+7jb55+sipesk=/oh_modules/@alipay/blueshieldsdk/src/main/cpp/types/libblueshield
[2026-07-30T09:50:40.886] [DEBUG] debug-file - runTaskFromQueue task cost before running: 881 ms 
[2026-07-30T09:50:39.902] [DEBUG] debug-file - env: daemon=false
[2026-07-30T09:50:40.892] [DEBUG] debug-file - Create  resident worker with id: 1.
[2026-07-30T09:50:40.008] [DEBUG] debug-file - Cache service initialization finished in 1 ms 
[2026-07-30T09:50:40.649] [DEBUG] debug-file - App plugin prepare end...
[2026-07-30T09:50:40.719] [DEBUG] debug-file - Plugin build process completed
[2026-07-30T09:50:40.719] [DEBUG] debug-file - Product 'default' build option initialized
[2026-07-30T09:50:40.721] [DEBUG] debug-file - Local scan or download HarmonyOS sdk components toolchains,ets,js,native,previewer
[2026-07-30T09:50:40.742] [DEBUG] debug-file - hvigorfile, no custom plugins were found in /Users/liuzheng/githubProjects/hossleep/hvigorfile.ts
[2026-07-30T09:50:40.750] [DEBUG] debug-file - Module 'entry' target 'default' build option initialized
[2026-07-30T09:50:40.754] [DEBUG] debug-file - Start to initialize dependency information.
[2026-07-30T09:50:40.762] [DEBUG] debug-file - Module entry's total dependency: 10
[2026-07-30T09:50:40.886] [INFO] debug-file - Finished :entry:clean... after 122 ms 
[2026-07-30T09:50:39.902] [DEBUG] debug-file - no-daemon, use the parent process.execArgv --max-old-space-size=8192,--max-semi-space-size=16,--expose-gc
[2026-07-30T09:50:40.892] [DEBUG] debug-file - Current worker pool is stopped or closed.
[2026-07-30T09:50:40.009] [DEBUG] debug-file - hvigorfile, resolving /Users/liuzheng/githubProjects/hossleep/hvigorfile.ts
[2026-07-30T09:50:40.649] [DEBUG] debug-file - App plugin creating...
[2026-07-30T09:50:40.719] [DEBUG] debug-file - Picking option from product 'release' with build mode 'debug'.
[2026-07-30T09:50:40.722] [DEBUG] debug-file - Local scan or download hmscore sdk components toolchains,ets,native
[2026-07-30T09:50:40.742] [DEBUG] debug-file - hvigorfile, resolve finished /Users/liuzheng/githubProjects/hossleep/hvigorfile.ts
[2026-07-30T09:50:40.754] [DEBUG] debug-file - Module hossleep Collected Dependency: 
[2026-07-30T09:50:40.750] [DEBUG] debug-file - End initialize module-target build option map, moduleName=entry
[2026-07-30T09:50:40.763] [DEBUG] debug-file - Configuration phase cost:755 ms 
[2026-07-30T09:50:40.887] [DEBUG] debug-file - Executing task ::clean
[2026-07-30T09:50:40.892] [DEBUG] debug-file - Clear worker 0.
[2026-07-30T09:50:40.719] [DEBUG] debug-file - Product 'release' build option initialized
[2026-07-30T09:50:40.742] [DEBUG] debug-file - hvigorfile, resolving /Users/liuzheng/githubProjects/hossleep/entry/hvigorfile.ts
[2026-07-30T09:50:40.754] [DEBUG] debug-file - Module hossleep's total dependency: 0
[2026-07-30T09:50:40.764] [DEBUG] debug-file - Configuration task cost before running: 759 ms 
[2026-07-30T09:50:40.892] [DEBUG] debug-file - Worker 0 has been cleared.
[2026-07-30T09:50:40.750] [DEBUG] debug-file - Start initialize module-target build option map, moduleName=entry, buildMode=release
[2026-07-30T09:50:40.887] [DEBUG] debug-file - clean: Worker pool is inactive.
[2026-07-30T09:50:40.764] [DEBUG] debug-file - Executing task :entry:clean
[2026-07-30T09:50:40.892] [DEBUG] debug-file - Current idle worker size: 1.
[2026-07-30T09:50:40.745] [DEBUG] debug-file - hvigorfile, require result:  { default: { system: [Function: hapTasks], plugins: [] } }
[2026-07-30T09:50:40.887] [DEBUG] debug-file - hossleep : clean cost memory 0.0194854736328125
[2026-07-30T09:50:40.719] [DEBUG] debug-file - End initialize project's product build option map with build mode 'debug'.
[2026-07-30T09:50:40.764] [DEBUG] debug-file - clean: Worker pool is inactive.
[2026-07-30T09:50:40.892] [DEBUG] debug-file - Current busy worker size: 0.
[2026-07-30T09:50:40.745] [DEBUG] debug-file - hvigorfile, binding system plugins [Function: hapTasks]
[2026-07-30T09:50:40.750] [DEBUG] debug-file - Target 'default' config initialized
[2026-07-30T09:50:40.745] [DEBUG] debug-file - Starting plugin build process
[2026-07-30T09:50:40.887] [DEBUG] debug-file - runTaskFromQueue task cost before running: 882 ms 
[2026-07-30T09:50:40.750] [DEBUG] debug-file - Module 'entry' target 'default' build option initialized
[2026-07-30T09:50:40.892] [DEBUG] debug-file - Clear worker 1.
[2026-07-30T09:50:40.745] [DEBUG] debug-file - Hap plugin creating...
[2026-07-30T09:50:40.887] [INFO] debug-file - Finished ::clean... after 1 ms 
[2026-07-30T09:50:40.750] [DEBUG] debug-file - End initialize module-target build option map, moduleName=entry
[2026-07-30T09:50:40.892] [DEBUG] debug-file - Worker 1 has been cleared.
[2026-07-30T09:50:40.887] [DEBUG] debug-file - Executing task :entry:init
[2026-07-30T09:50:40.750] [DEBUG] debug-file - Start initialize module-target build option map, moduleName=entry, buildMode=debug
[2026-07-30T09:50:40.750] [DEBUG] debug-file - Target 'default' config initialized
[2026-07-30T09:50:40.887] [DEBUG] debug-file - entry : init cost memory 0.0126953125
[2026-07-30T09:50:40.750] [DEBUG] debug-file - Module 'entry' target 'default' build option initialized
[2026-07-30T09:50:40.887] [DEBUG] debug-file - runTaskFromQueue task cost before running: 882 ms 
[2026-07-30T09:50:40.892] [DEBUG] debug-file - Current idle worker size: 0.
[2026-07-30T09:50:40.887] [INFO] debug-file - Finished :entry:init... after 1 ms 
[2026-07-30T09:50:40.750] [DEBUG] debug-file - End initialize module-target build option map, moduleName=entry
[2026-07-30T09:50:40.892] [DEBUG] debug-file - Current busy worker size: 0.
[2026-07-30T09:50:40.887] [DEBUG] debug-file - Executing task ::init
[2026-07-30T09:50:40.750] [DEBUG] debug-file - Start initialize module-target build option map, moduleName=entry, buildMode=release
[2026-07-30T09:50:40.887] [DEBUG] debug-file - hossleep : init cost memory 0.0118408203125
[2026-07-30T09:50:40.892] [DEBUG] debug-file - hvigor build process will be closed.
[2026-07-30T09:50:40.750] [DEBUG] debug-file - Target 'default' config initialized
[2026-07-30T09:50:40.887] [DEBUG] debug-file - runTaskFromQueue task cost before running: 882 ms 
[2026-07-30T09:50:40.894] [DEBUG] debug-file - worker[0] exits with exit code 0.
[2026-07-30T09:50:40.750] [DEBUG] debug-file - Module 'entry' target 'default' build option initialized
[2026-07-30T09:50:40.887] [INFO] debug-file - Finished ::init... after 1 ms 
[2026-07-30T09:50:40.895] [DEBUG] debug-file - worker[1] exits with exit code 0.
[2026-07-30T09:50:40.750] [DEBUG] debug-file - End initialize module-target build option map, moduleName=entry
[2026-07-30T09:50:40.888] [DEBUG] debug-file - Obtain build option for module 'entry' target 'default'in this build.
[2026-07-30T09:50:40.895] [DEBUG] debug-file - Current worker pool is terminated.
[2026-07-30T09:50:40.750] [DEBUG] debug-file - Start initialize module-target build option map, moduleName=entry, buildMode=debug
[2026-07-30T09:50:40.890] [DEBUG] debug-file - Since there is no instance or instance is terminated, create a new worker pool.
[2026-07-30T09:50:40.750] [DEBUG] debug-file - Target 'default' config initialized
[2026-07-30T09:50:40.890] [DEBUG] debug-file - Worker pool is initialized with config:  {
  minPoolNum: 2,
  maxPoolNum: undefined,
  maxCoreSize: undefined,
  cacheCapacity: undefined,
  cacheTtl: undefined
}
[2026-07-30T09:50:40.751] [DEBUG] debug-file - Module 'entry' target 'default' build option initialized
[2026-07-30T09:50:40.751] [DEBUG] debug-file - End initialize module-target build option map, moduleName=entry
[2026-07-30T09:50:40.751] [DEBUG] debug-file - Obtain build option for module 'entry' target 'default'in this build.
[2026-07-30T09:50:40.752] [DEBUG] debug-file - Module entry task initialization takes 2 ms 
[2026-07-30T09:50:40.752] [DEBUG] debug-file - Hap plugin register hook start...
[2026-07-30T09:50:40.752] [DEBUG] debug-file - Hap plugin register hook end...
[2026-07-30T09:50:40.752] [DEBUG] debug-file - Plugin build process completed
[2026-07-30T09:50:40.752] [DEBUG] debug-file - hvigorfile, begin to bind custom plugins...
[2026-07-30T09:50:40.752] [DEBUG] debug-file - hvigorfile, no custom plugins were found in /Users/liuzheng/githubProjects/hossleep/entry/hvigorfile.ts
[2026-07-30T09:50:40.752] [DEBUG] debug-file - hvigorfile, resolve finished /Users/liuzheng/githubProjects/hossleep/entry/hvigorfile.ts
[2026-07-30T09:50:59.873] [DEBUG] debug-file - env: nodejsVersion=v18.20.1
[2026-07-30T09:50:59.882] [DEBUG] debug-file - env: daemon=true
[2026-07-30T09:50:59.873] [DEBUG] debug-file - env: hvigor-config.json5 content = {
  modelVersion: '6.0.0',
  dependencies: {},
  execution: {},
  logging: {},
  debugging: {},
  nodeOptions: {}
}
[2026-07-30T09:51:00.057] [DEBUG] debug-file - hvigor java daemon: Starting java daemon. jvmXmxValue=512m, jarPath=/private/var/folders/rr/kxczvs853b3215s_zkhvslhc0000gn/T/AppTranslocation/50C923EE-F32C-45EC-9145-411BE35426DC/d/DevEco-Studio.app/Contents/tools/hvigor/hvigor/lib/hvigor-java-daemon.jar
[2026-07-30T09:51:00.057] [DEBUG] debug-file - hvigor java daemon: Read cache file, 
    port=45050, pid=1395, sessionId exists=true
[2026-07-30T09:51:00.057] [DEBUG] debug-file - hvigor java daemon: Killing existing java daemon by pid=1395
[2026-07-30T09:51:00.069] [DEBUG] debug-file - hvigor java daemon: tryConnect success
[2026-07-30T09:51:00.076] [DEBUG] debug-file - session manager: set active socket. socketId=gVl6cENshHhH06pCAAAB
[2026-07-30T09:51:00.267] [DEBUG] debug-file - watch worker: worker id should be larger than 0. Nothing will be sent to any worker thread.
[2026-07-30T09:51:00.268] [DEBUG] debug-file - Since there is no instance or instance is terminated, create a new worker pool.
[2026-07-30T09:51:00.269] [DEBUG] debug-file - Worker pool is initialized with config:  {
  minPoolNum: 2,
  maxPoolNum: undefined,
  maxCoreSize: undefined,
  cacheCapacity: undefined,
  cacheTtl: undefined
}
[2026-07-30T09:51:00.269] [DEBUG] debug-file - Create  resident worker with id: 0.
[2026-07-30T09:51:00.270] [DEBUG] debug-file - Create  resident worker with id: 1.
[2026-07-30T09:51:00.270] [DEBUG] debug-file - Workers' log level updated to INFO
[2026-07-30T09:51:00.273] [DEBUG] debug-file - Hvigor init with startParameters:{
  hvigorfileTypeCheck: false,
  parallelExecution: true,
  incrementalExecution: true,
  printStackTrace: false,
  daemon: true,
  analyze: 0,
  logLevel: Level { level: 20000, levelStr: 'INFO', colour: 'green' },
  optimizationStrategy: 'memory',
  hotCompile: undefined,
  hotReloadBuild: undefined,
  customizedParam: undefined
}
[2026-07-30T09:51:00.273] [DEBUG] debug-file - Cache service initialization finished in 1 ms 
[2026-07-30T09:51:00.274] [DEBUG] debug-file - hvigorfile, resolving /Users/liuzheng/githubProjects/hossleep/hvigorfile.ts
[2026-07-30T09:51:00.981] [DEBUG] debug-file - hvigorfile, require result:  { default: { plugins: [] } }
[2026-07-30T09:51:00.981] [DEBUG] debug-file - hvigorfile, binding system plugins null
[2026-07-30T09:51:00.981] [DEBUG] debug-file - Starting plugin build process
[2026-07-30T09:51:00.981] [DEBUG] debug-file - App plugin prepare start...
[2026-07-30T09:51:00.981] [DEBUG] debug-file - App plugin prepare end...
[2026-07-30T09:51:00.981] [DEBUG] debug-file - App plugin creating...
[2026-07-30T09:51:01.053] [DEBUG] debug-file - App plugin register hook start...
[2026-07-30T09:51:01.053] [DEBUG] debug-file - App plugin register hook end...
[2026-07-30T09:51:01.053] [DEBUG] debug-file - Plugin build process completed
[2026-07-30T09:51:01.053] [DEBUG] debug-file - Start initialize project's product build option map with build mode debug.
[2026-07-30T09:51:01.053] [DEBUG] debug-file - Picking option from product 'default' with build mode 'debug'.
[2026-07-30T09:51:01.053] [DEBUG] debug-file - Product 'default' build option initialized
[2026-07-30T09:51:01.053] [DEBUG] debug-file - Picking option from product 'release' with build mode 'debug'.
[2026-07-30T09:51:01.053] [DEBUG] debug-file - Product 'release' build option initialized
[2026-07-30T09:51:01.053] [DEBUG] debug-file - End initialize project's product build option map with build mode 'debug'.
[2026-07-30T09:51:01.054] [DEBUG] debug-file - Obtain build option for product 'default'in this build.
[2026-07-30T09:51:01.055] [DEBUG] debug-file - /Users/liuzheng/githubProjects/hossleep/build/cache/default/remote_hsp/remoteHspCache.json not exists.
[2026-07-30T09:51:01.055] [DEBUG] debug-file - Local scan or download HarmonyOS sdk components toolchains,ets,js,native,previewer
[2026-07-30T09:51:01.056] [DEBUG] debug-file - Local scan or download hmscore sdk components toolchains,ets,native
[2026-07-30T09:51:01.057] [DEBUG] debug-file - Start recording SDK configuration permission data.
[2026-07-30T09:51:01.073] [DEBUG] debug-file - Sdk init in 18 ms 
[2026-07-30T09:51:01.074] [DEBUG] debug-file - Project task initialization takes 2 ms 
[2026-07-30T09:51:01.074] [DEBUG] debug-file - hvigorfile, begin to bind custom plugins...
[2026-07-30T09:51:01.074] [DEBUG] debug-file - hvigorfile, no custom plugins were found in /Users/liuzheng/githubProjects/hossleep/hvigorfile.ts
[2026-07-30T09:51:01.074] [DEBUG] debug-file - hvigorfile, resolve finished /Users/liuzheng/githubProjects/hossleep/hvigorfile.ts
[2026-07-30T09:51:01.075] [DEBUG] debug-file - hvigorfile, resolving /Users/liuzheng/githubProjects/hossleep/entry/hvigorfile.ts
[2026-07-30T09:51:01.077] [DEBUG] debug-file - hvigorfile, require result:  { default: { plugins: [] } }
[2026-07-30T09:51:01.077] [DEBUG] debug-file - hvigorfile, binding system plugins null
[2026-07-30T09:51:01.077] [DEBUG] debug-file - Starting plugin build process
[2026-07-30T09:51:01.077] [DEBUG] debug-file - Hap plugin creating...
[2026-07-30T09:51:01.077] [DEBUG] debug-file - failed to load cangjie to dynamically generate schemas: Error: Cannot find module '@ohos/cangjie-build-support/index'
Require stack:
- /private/var/folders/rr/kxczvs853b3215s_zkhvslhc0000gn/T/AppTranslocation/50C923EE-F32C-45EC-9145-411BE35426DC/d/DevEco-Studio.app/Contents/tools/hvigor/hvigor-ohos-plugin/src/plugin/hooks/cangjie-register.js
- /private/var/folders/rr/kxczvs853b3215s_zkhvslhc0000gn/T/AppTranslocation/50C923EE-F32C-45EC-9145-411BE35426DC/d/DevEco-Studio.app/Contents/tools/hvigor/hvigor-ohos-plugin/src/plugin/strategy/stage-init-strategy.js
- /private/var/folders/rr/kxczvs853b3215s_zkhvslhc0000gn/T/AppTranslocation/50C923EE-F32C-45EC-9145-411BE35426DC/d/DevEco-Studio.app/Contents/tools/hvigor/hvigor-ohos-plugin/src/plugin/builder/abstract-plugin-builder.js
- /private/var/folders/rr/kxczvs853b3215s_zkhvslhc0000gn/T/AppTranslocation/50C923EE-F32C-45EC-9145-411BE35426DC/d/DevEco-Studio.app/Contents/tools/hvigor/hvigor-ohos-plugin/src/plugin/builder/app-plugin-builder.js
- /private/var/folders/rr/kxczvs853b3215s_zkhvslhc0000gn/T/AppTranslocation/50C923EE-F32C-45EC-9145-411BE35426DC/d/DevEco-Studio.app/Contents/tools/hvigor/hvigor-ohos-plugin/src/plugin/factory/plugin-factory.js
- /private/var/folders/rr/kxczvs853b3215s_zkhvslhc0000gn/T/AppTranslocation/50C923EE-F32C-45EC-9145-411BE35426DC/d/DevEco-Studio.app/Contents/tools/hvigor/hvigor-ohos-plugin/index.js
- /Users/liuzheng/githubProjects/hossleep/hvigorfile.ts
- /private/var/folders/rr/kxczvs853b3215s_zkhvslhc0000gn/T/AppTranslocation/50C923EE-F32C-45EC-9145-411BE35426DC/d/DevEco-Studio.app/Contents/tools/hvigor/hvigor/src/base/internal/lifecycle/configuration.js
- /private/var/folders/rr/kxczvs853b3215s_zkhvslhc0000gn/T/AppTranslocation/50C923EE-F32C-45EC-9145-411BE35426DC/d/DevEco-Studio.app/Contents/tools/hvigor/hvigor/src/base/boot/index.js
- /private/var/folders/rr/kxczvs853b3215s_zkhvslhc0000gn/T/AppTranslocation/50C923EE-F32C-45EC-9145-411BE35426DC/d/DevEco-Studio.app/Contents/tools/hvigor/hvigor/src/base/daemon/cluster/worker-process-lifecycle.js
- /private/var/folders/rr/kxczvs853b3215s_zkhvslhc0000gn/T/AppTranslocation/50C923EE-F32C-45EC-9145-411BE35426DC/d/DevEco-Studio.app/Contents/tools/hvigor/hvigor/src/base/daemon/process/daemon-process-boot-script.js
[2026-07-30T09:51:01.082] [DEBUG] debug-file - Start initialize module-target build option map, moduleName=entry, buildMode=debug
[2026-07-30T09:51:01.082] [DEBUG] debug-file - Target 'default' config initialized
[2026-07-30T09:51:01.082] [DEBUG] debug-file - Module 'entry' target 'default' build option initialized
[2026-07-30T09:51:01.082] [DEBUG] debug-file - End initialize module-target build option map, moduleName=entry
[2026-07-30T09:51:01.082] [DEBUG] debug-file - Start initialize module-target build option map, moduleName=entry, buildMode=release
[2026-07-30T09:51:01.082] [DEBUG] debug-file - Target 'default' config initialized
[2026-07-30T09:51:01.083] [DEBUG] debug-file - Module 'entry' target 'default' build option initialized
[2026-07-30T09:51:01.083] [DEBUG] debug-file - End initialize module-target build option map, moduleName=entry
[2026-07-30T09:51:01.083] [DEBUG] debug-file - Start initialize module-target build option map, moduleName=entry, buildMode=debug
[2026-07-30T09:51:01.083] [DEBUG] debug-file - Target 'default' config initialized
[2026-07-30T09:51:01.083] [DEBUG] debug-file - Module 'entry' target 'default' build option initialized
[2026-07-30T09:51:01.083] [DEBUG] debug-file - End initialize module-target build option map, moduleName=entry
[2026-07-30T09:51:01.083] [DEBUG] debug-file - Start initialize module-target build option map, moduleName=entry, buildMode=release
[2026-07-30T09:51:01.083] [DEBUG] debug-file - Target 'default' config initialized
[2026-07-30T09:51:01.083] [DEBUG] debug-file - Module 'entry' target 'default' build option initialized
[2026-07-30T09:51:01.083] [DEBUG] debug-file - End initialize module-target build option map, moduleName=entry
[2026-07-30T09:51:01.083] [DEBUG] debug-file - Start initialize module-target build option map, moduleName=entry, buildMode=debug
[2026-07-30T09:51:01.083] [DEBUG] debug-file - Target 'default' config initialized
[2026-07-30T09:51:01.083] [DEBUG] debug-file - Module 'entry' target 'default' build option initialized
[2026-07-30T09:51:01.083] [DEBUG] debug-file - End initialize module-target build option map, moduleName=entry
[2026-07-30T09:51:01.083] [DEBUG] debug-file - Obtain build option for module 'entry' target 'default'in this build.
[2026-07-30T09:51:01.085] [DEBUG] debug-file - Module entry task initialization takes 2 ms 
[2026-07-30T09:51:01.085] [DEBUG] debug-file - Hap plugin register hook start...
[2026-07-30T09:51:01.085] [DEBUG] debug-file - Hap plugin register hook end...
[2026-07-30T09:51:01.085] [DEBUG] debug-file - Plugin build process completed
[2026-07-30T09:51:01.085] [DEBUG] debug-file - hvigorfile, begin to bind custom plugins...
[2026-07-30T09:51:01.085] [DEBUG] debug-file - hvigorfile, no custom plugins were found in /Users/liuzheng/githubProjects/hossleep/entry/hvigorfile.ts
[2026-07-30T09:51:01.085] [DEBUG] debug-file - hvigorfile, resolve finished /Users/liuzheng/githubProjects/hossleep/entry/hvigorfile.ts
[2026-07-30T09:51:01.123] [DEBUG] debug-file - hvigorfile, resolve hvigorfile dependencies in 38 ms 
[2026-07-30T09:51:01.123] [DEBUG] debug-file - project has submodules:entry
[2026-07-30T09:51:01.124] [DEBUG] debug-file - start to load updatedOhPackageInfo to the disk
[2026-07-30T09:51:01.125] [DEBUG] debug-file - load to the disk finished
[2026-07-30T09:51:01.125] [DEBUG] debug-file - Start to initialize dependency information.
[2026-07-30T09:51:01.125] [DEBUG] debug-file - Module hossleep Collected Dependency: 
[2026-07-30T09:51:01.125] [DEBUG] debug-file - Module hossleep's total dependency: 0
[2026-07-30T09:51:01.126] [DEBUG] debug-file - Start to initialize dependency information.
[2026-07-30T09:51:01.133] [DEBUG] debug-file - Module entry Collected Dependency: /Users/liuzheng/githubProjects/hossleep/oh_modules/.ohpm/@cashier_alipay+cashiersdk@15.8.43/oh_modules/@cashier_alipay/cashiersdk,/Users/liuzheng/githubProjects/hossleep/oh_modules/.ohpm/@umeng+analytics@1.2.12/oh_modules/@umeng/analytics,/Users/liuzheng/githubProjects/hossleep/oh_modules/.ohpm/@umeng+common@1.1.12/oh_modules/@umeng/common,/Users/liuzheng/githubProjects/hossleep/oh_modules/.ohpm/@taobao-ohos+utdid_sdk@ecjyoomnzz6zaipo1koz9+avemnpw7+togfp5uwrtiu=/oh_modules/@taobao-ohos/utdid_sdk,/Users/liuzheng/githubProjects/hossleep/oh_modules/.ohpm/@alipay+blueshieldsdk@qgf9fllog8tazdv8uop120fy3saz8l+7jb55+sipesk=/oh_modules/@alipay/blueshieldsdk,/Users/liuzheng/githubProjects/hossleep/oh_modules/.ohpm/pako@2.1.0/oh_modules/pako,/Users/liuzheng/githubProjects/hossleep/oh_modules/.ohpm/@umeng+common@1.1.12/oh_modules/@umeng/common/src/main/cpp/types/libcommon,/Users/liuzheng/githubProjects/hossleep/oh_modules/.ohpm/@taobao-ohos+utdid_sdk@ecjyoomnzz6zaipo1koz9+avemnpw7+togfp5uwrtiu=/oh_modules/@taobao-ohos/utdid_sdk/src/main/cpp/types/libutdid_native,/Users/liuzheng/githubProjects/hossleep/oh_modules/.ohpm/@ohos+crypto-js@2.0.5/oh_modules/@ohos/crypto-js,/Users/liuzheng/githubProjects/hossleep/oh_modules/.ohpm/@alipay+blueshieldsdk@qgf9fllog8tazdv8uop120fy3saz8l+7jb55+sipesk=/oh_modules/@alipay/blueshieldsdk/src/main/cpp/types/libblueshield
[2026-07-30T09:51:01.133] [DEBUG] debug-file - Module entry's total dependency: 10
[2026-07-30T09:51:01.134] [DEBUG] debug-file - Configuration phase cost:861 ms 
[2026-07-30T09:51:01.135] [DEBUG] debug-file - Configuration task cost before running: 865 ms 
[2026-07-30T09:51:01.136] [DEBUG] debug-file - Executing task :entry:default@PreBuild
[2026-07-30T09:51:01.141] [DEBUG] debug-file - Task 'entry:default@PreBuild' cost while wrapping incremental declarations: 1 ms 
[2026-07-30T09:51:01.196] [DEBUG] debug-file - current product is not Atomic service.
[2026-07-30T09:51:01.197] [DEBUG] debug-file - Use tool [darwin: JAVA_HOME, CLASSPATH]
 [
  {
    JAVA_HOME: '/private/var/folders/rr/kxczvs853b3215s_zkhvslhc0000gn/T/AppTranslocation/50C923EE-F32C-45EC-9145-411BE35426DC/d/DevEco-Studio.app/Contents/jbr/Contents/Home'
  },
  { CLASSPATH: undefined }
]
[2026-07-30T09:51:01.197] [DEBUG] debug-file - Use tool [darwin: NODE_HOME]
 [
  {
    NODE_HOME: '/private/var/folders/rr/kxczvs853b3215s_zkhvslhc0000gn/T/AppTranslocation/50C923EE-F32C-45EC-9145-411BE35426DC/d/DevEco-Studio.app/Contents/tools/node/bin'
  }
]
[2026-07-30T09:51:01.197] [DEBUG] debug-file - entry : default@PreBuild cost memory 4.379974365234375
[2026-07-30T09:51:01.197] [DEBUG] debug-file - runTaskFromQueue task cost before running: 927 ms 
[2026-07-30T09:51:01.197] [INFO] debug-file - Finished :entry:default@PreBuild... after 61 ms 
[2026-07-30T09:51:01.198] [DEBUG] debug-file - Executing task :entry:default@CreateModuleInfo
[2026-07-30T09:51:01.198] [DEBUG] debug-file - Task 'entry:default@CreateModuleInfo' cost while wrapping incremental declarations: 1 ms 
[2026-07-30T09:51:01.198] [DEBUG] debug-file - entry : default@CreateModuleInfo cost memory 0.040985107421875
[2026-07-30T09:51:01.198] [DEBUG] debug-file - runTaskFromQueue task cost before running: 928 ms 
[2026-07-30T09:51:01.198] [INFO] debug-file - Finished :entry:default@CreateModuleInfo... after 1 ms 
[2026-07-30T09:51:01.199] [DEBUG] debug-file - Executing task :entry:default@GenerateMetadata
[2026-07-30T09:51:01.199] [DEBUG] debug-file - Task 'entry:default@GenerateMetadata' cost while wrapping incremental declarations: 1 ms 
[2026-07-30T09:51:01.199] [DEBUG] debug-file - entry : default@GenerateMetadata cost memory 0.06186676025390625
[2026-07-30T09:51:01.199] [DEBUG] debug-file - runTaskFromQueue task cost before running: 929 ms 
[2026-07-30T09:51:01.199] [INFO] debug-file - Finished :entry:default@GenerateMetadata... after 1 ms 
[2026-07-30T09:51:01.200] [DEBUG] debug-file - Resolve native package @umeng/common.
[2026-07-30T09:51:01.200] [DEBUG] debug-file - Resolve native package @taobao-ohos/utdid_sdk.
[2026-07-30T09:51:01.200] [DEBUG] debug-file - Resolve native package @alipay/blueshieldsdk.
[2026-07-30T09:51:01.200] [DEBUG] debug-file - Executing task :entry:default@ConfigureCmake
[2026-07-30T09:51:01.200] [DEBUG] debug-file - entry : default@ConfigureCmake cost memory 0.0146484375
[2026-07-30T09:51:01.200] [DEBUG] debug-file - runTaskFromQueue task cost before running: 930 ms 
[2026-07-30T09:51:01.200] [INFO] debug-file - Finished :entry:default@ConfigureCmake... after 1 ms 
[2026-07-30T09:51:01.201] [DEBUG] debug-file - Executing task :entry:default@MergeProfile
[2026-07-30T09:51:01.201] [DEBUG] debug-file - Task 'entry:default@MergeProfile' cost while wrapping incremental declarations: 1 ms 
[2026-07-30T09:51:01.201] [DEBUG] debug-file - Change app api release type with 'Release'
[2026-07-30T09:51:01.201] [DEBUG] debug-file - Change app compile API version with '6.1.1.125'
[2026-07-30T09:51:01.201] [DEBUG] debug-file - Change app target API version with '60101024'
[2026-07-30T09:51:01.201] [DEBUG] debug-file - Change app minimum API version with '50001013'
[2026-07-30T09:51:01.201] [DEBUG] debug-file - Use cli appEnvironment
[2026-07-30T09:51:01.206] [DEBUG] debug-file - entry : default@MergeProfile cost memory 0.8423538208007812
[2026-07-30T09:51:01.206] [DEBUG] debug-file - runTaskFromQueue task cost before running: 936 ms 
[2026-07-30T09:51:01.206] [INFO] debug-file - Finished :entry:default@MergeProfile... after 6 ms 
[2026-07-30T09:51:01.207] [DEBUG] debug-file - Executing task :entry:default@CreateBuildProfile
[2026-07-30T09:51:01.207] [DEBUG] debug-file - Task 'entry:default@CreateBuildProfile' cost while wrapping incremental declarations: 1 ms 
[2026-07-30T09:51:01.207] [DEBUG] debug-file - entry : default@CreateBuildProfile cost memory 0.27114105224609375
[2026-07-30T09:51:01.207] [DEBUG] debug-file - runTaskFromQueue task cost before running: 937 ms 
[2026-07-30T09:51:01.207] [INFO] debug-file - Finished :entry:default@CreateBuildProfile... after 1 ms 
[2026-07-30T09:51:01.208] [DEBUG] debug-file - Executing task :entry:default@PreCheckSyscap
[2026-07-30T09:51:01.208] [DEBUG] debug-file - entry : default@PreCheckSyscap cost memory 0.01494598388671875
[2026-07-30T09:51:01.208] [DEBUG] debug-file - runTaskFromQueue task cost before running: 938 ms 
[2026-07-30T09:51:01.208] [INFO] debug-file - Finished :entry:default@PreCheckSyscap... after 1 ms 
[2026-07-30T09:51:01.208] [DEBUG] debug-file - Executing task :entry:default@GeneratePkgContextInfo
[2026-07-30T09:51:01.213] [DEBUG] debug-file - Task 'entry:default@GeneratePkgContextInfo' cost while wrapping incremental declarations: 1 ms 
[2026-07-30T09:51:01.213] [DEBUG] debug-file - entry : default@GeneratePkgContextInfo cost memory 0.92669677734375
[2026-07-30T09:51:01.213] [DEBUG] debug-file - runTaskFromQueue task cost before running: 943 ms 
[2026-07-30T09:51:01.213] [INFO] debug-file - Finished :entry:default@GeneratePkgContextInfo... after 5 ms 
[2026-07-30T09:51:01.213] [DEBUG] debug-file - Executing task :entry:default@GeneratePkgSdkInfo
[2026-07-30T09:51:01.214] [DEBUG] debug-file - Task 'entry:default@GeneratePkgSdkInfo' cost while wrapping incremental declarations: 1 ms 
[2026-07-30T09:51:01.214] [DEBUG] debug-file - entry : default@GeneratePkgSdkInfo cost memory 0.170379638671875
[2026-07-30T09:51:01.214] [DEBUG] debug-file - runTaskFromQueue task cost before running: 944 ms 
[2026-07-30T09:51:01.214] [INFO] debug-file - Finished :entry:default@GeneratePkgSdkInfo... after 1 ms 
[2026-07-30T09:51:01.214] [DEBUG] debug-file - Executing task :entry:default@ProcessIntegratedHsp
[2026-07-30T09:51:01.215] [DEBUG] debug-file - entry : default@ProcessIntegratedHsp cost memory 0.0292510986328125
[2026-07-30T09:51:01.215] [DEBUG] debug-file - runTaskFromQueue task cost before running: 945 ms 
[2026-07-30T09:51:01.215] [INFO] debug-file - Finished :entry:default@ProcessIntegratedHsp... after 1 ms 
[2026-07-30T09:51:01.215] [DEBUG] debug-file - Executing task :entry:default@BuildNativeWithCmake
[2026-07-30T09:51:01.215] [DEBUG] debug-file - entry : default@BuildNativeWithCmake cost memory 0.0153656005859375
[2026-07-30T09:51:01.215] [DEBUG] debug-file - runTaskFromQueue task cost before running: 945 ms 
[2026-07-30T09:51:01.215] [INFO] debug-file - Finished :entry:default@BuildNativeWithCmake... after 1 ms 
[2026-07-30T09:51:01.215] [DEBUG] debug-file - Executing task :entry:default@MakePackInfo
[2026-07-30T09:51:01.216] [DEBUG] debug-file - Module Pack Info:  {
  summary: {
    app: { bundleName: 'h***p', bundleType: 'app', version: [Object] },
    modules: [ [Object] ]
  },
  packages: [
    {
      deviceType: [Array],
      moduleType: 'entry',
      deliveryWithInstall: true,
      name: 'entry-default'
    }
  ]
}
[2026-07-30T09:51:01.216] [DEBUG] debug-file - entry : default@MakePackInfo cost memory 0.10060882568359375
[2026-07-30T09:51:01.216] [DEBUG] debug-file - runTaskFromQueue task cost before running: 946 ms 
[2026-07-30T09:51:01.216] [INFO] debug-file - Finished :entry:default@MakePackInfo... after 1 ms 
[2026-07-30T09:51:01.216] [DEBUG] debug-file - Executing task :entry:default@SyscapTransform
[2026-07-30T09:51:01.216] [DEBUG] debug-file - File: '/Users/liuzheng/githubProjects/hossleep/entry/src/main/syscap.json' from 'sysCapJsonPath' is not exists, just ignore.
[2026-07-30T09:51:01.216] [DEBUG] debug-file - Task 'entry:default@SyscapTransform' cost while wrapping incremental declarations: 1 ms 
[2026-07-30T09:51:01.216] [DEBUG] debug-file - entry : default@SyscapTransform cost memory 0.050811767578125
[2026-07-30T09:51:01.217] [DEBUG] debug-file - runTaskFromQueue task cost before running: 947 ms 
[2026-07-30T09:51:01.217] [INFO] debug-file - Finished :entry:default@SyscapTransform... after 1 ms 
[2026-07-30T09:51:01.217] [DEBUG] debug-file - Executing task :entry:default@ProcessProfile
[2026-07-30T09:51:01.217] [DEBUG] debug-file - Task 'entry:default@ProcessProfile' cost while wrapping incremental declarations: 1 ms 
[2026-07-30T09:51:01.218] [DEBUG] debug-file - [
  '/private/var/folders/rr/kxczvs853b3215s_zkhvslhc0000gn/T/AppTranslocation/50C923EE-F32C-45EC-9145-411BE35426DC/d/DevEco-Studio.app/Contents/tools/node/bin/node',
  '/private/var/folders/rr/kxczvs853b3215s_zkhvslhc0000gn/T/AppTranslocation/50C923EE-F32C-45EC-9145-411BE35426DC/d/DevEco-Studio.app/Contents/sdk/default/openharmony/ets/build-tools/ets-loader/bin/ark/ts2abc.js',
  '--target-api-version',
  '13'
]
[2026-07-30T09:51:01.282] [DEBUG] debug-file - 12.0.6.0
[2026-07-30T09:51:01.283] [DEBUG] debug-file - No need to add fake ui ability because of not in preview process.
[2026-07-30T09:51:01.283] [DEBUG] debug-file - entry : default@ProcessProfile cost memory 0.5279922485351562
[2026-07-30T09:51:01.283] [DEBUG] debug-file - runTaskFromQueue task cost before running: 1 s 13 ms 
[2026-07-30T09:51:01.283] [INFO] debug-file - Finished :entry:default@ProcessProfile... after 67 ms 
[2026-07-30T09:51:01.283] [DEBUG] debug-file - Executing task :entry:default@ProcessRouterMap
[2026-07-30T09:51:01.285] [DEBUG] debug-file - entry : default@ProcessRouterMap cost memory 0.5438613891601562
[2026-07-30T09:51:01.285] [DEBUG] debug-file - runTaskFromQueue task cost before running: 1 s 15 ms 
[2026-07-30T09:51:01.285] [INFO] debug-file - Finished :entry:default@ProcessRouterMap... after 2 ms 
[2026-07-30T09:51:01.286] [DEBUG] debug-file - Executing task :entry:default@ProcessShareConfig
[2026-07-30T09:51:01.286] [DEBUG] debug-file - entry : default@ProcessShareConfig cost memory 0.1708221435546875
[2026-07-30T09:51:01.286] [DEBUG] debug-file - runTaskFromQueue task cost before running: 1 s 16 ms 
[2026-07-30T09:51:01.286] [INFO] debug-file - Finished :entry:default@ProcessShareConfig... after 1 ms 
[2026-07-30T09:51:01.286] [DEBUG] debug-file - Executing task :entry:default@ProcessStartupConfig
[2026-07-30T09:51:01.287] [DEBUG] debug-file - Task 'entry:default@ProcessStartupConfig' cost while wrapping incremental declarations: 1 ms 
[2026-07-30T09:51:01.287] [DEBUG] debug-file - entry : default@ProcessStartupConfig cost memory 0.18273162841796875
[2026-07-30T09:51:01.287] [DEBUG] debug-file - runTaskFromQueue task cost before running: 1 s 17 ms 
[2026-07-30T09:51:01.287] [INFO] debug-file - Finished :entry:default@ProcessStartupConfig... after 1 ms 
[2026-07-30T09:51:01.288] [DEBUG] debug-file - Executing task :entry:default@BuildNativeWithNinja
[2026-07-30T09:51:01.288] [DEBUG] debug-file - entry : default@BuildNativeWithNinja cost memory 0.02397918701171875
[2026-07-30T09:51:01.288] [DEBUG] debug-file - runTaskFromQueue task cost before running: 1 s 18 ms 
[2026-07-30T09:51:01.288] [INFO] debug-file - Finished :entry:default@BuildNativeWithNinja... after 1 ms 
[2026-07-30T09:51:01.288] [DEBUG] debug-file - restool module names: entry; moduleName=entry, taskName=default@ProcessResource
[2026-07-30T09:51:01.290] [DEBUG] debug-file - Executing task :entry:default@ProcessResource
[2026-07-30T09:51:01.290] [DEBUG] debug-file - Task 'entry:default@ProcessResource' cost while wrapping incremental declarations: 1 ms 
[2026-07-30T09:51:01.291] [DEBUG] debug-file - entry : default@ProcessResource cost memory 0.128662109375
[2026-07-30T09:51:01.291] [DEBUG] debug-file - runTaskFromQueue task cost before running: 1 s 21 ms 
[2026-07-30T09:51:01.291] [INFO] debug-file - Finished :entry:default@ProcessResource... after 2 ms 
[2026-07-30T09:51:01.292] [DEBUG] debug-file - Executing task :entry:default@GenerateLoaderJson
[2026-07-30T09:51:01.293] [DEBUG] debug-file - Task 'entry:default@GenerateLoaderJson' cost while wrapping incremental declarations: 1 ms 
[2026-07-30T09:51:01.297] [DEBUG] debug-file - entry : default@GenerateLoaderJson cost memory 1.5837478637695312
[2026-07-30T09:51:01.297] [DEBUG] debug-file - runTaskFromQueue task cost before running: 1 s 27 ms 
[2026-07-30T09:51:01.298] [INFO] debug-file - Finished :entry:default@GenerateLoaderJson... after 6 ms 
[2026-07-30T09:51:01.298] [DEBUG] debug-file - Executing task :entry:default@ProcessLibs
[2026-07-30T09:51:01.300] [DEBUG] debug-file - Worker dispatch failed, running processLibs on main thread.
[2026-07-30T09:51:01.367] [DEBUG] debug-file - Link /Users/liuzheng/githubProjects/hossleep/oh_modules/.ohpm/@alipay+blueshieldsdk@qgf9fllog8tazdv8uop120fy3saz8l+7jb55+sipesk=/oh_modules/@alipay/blueshieldsdk/libs/arm64-v8a/libblueshield.so to /Users/liuzheng/githubProjects/hossleep/entry/build/default/intermediates/libs/default/arm64-v8a/libblueshield.so successfully.
[2026-07-30T09:51:01.367] [DEBUG] debug-file - Link /Users/liuzheng/githubProjects/hossleep/oh_modules/.ohpm/@taobao-ohos+utdid_sdk@ecjyoomnzz6zaipo1koz9+avemnpw7+togfp5uwrtiu=/oh_modules/@taobao-ohos/utdid_sdk/libs/arm64-v8a/libutdid_native.so to /Users/liuzheng/githubProjects/hossleep/entry/build/default/intermediates/libs/default/arm64-v8a/libutdid_native.so successfully.
[2026-07-30T09:51:01.368] [DEBUG] debug-file - Link /Users/liuzheng/githubProjects/hossleep/oh_modules/.ohpm/@umeng+common@1.1.12/oh_modules/@umeng/common/libs/arm64-v8a/libcommon.so to /Users/liuzheng/githubProjects/hossleep/entry/build/default/intermediates/libs/default/arm64-v8a/libcommon.so successfully.
[2026-07-30T09:51:01.368] [DEBUG] debug-file - entry : default@ProcessLibs cost memory 4.0511322021484375
[2026-07-30T09:51:01.368] [DEBUG] debug-file - runTaskFromQueue task cost before running: 1 s 98 ms 
[2026-07-30T09:51:01.368] [INFO] debug-file - Finished :entry:default@ProcessLibs... after 70 ms 
[2026-07-30T09:51:01.368] [DEBUG] debug-file - restool module names: entry; moduleName=entry, taskName=default@CompileResource
[2026-07-30T09:51:01.369] [DEBUG] debug-file - Executing task :entry:default@CompileResource
[2026-07-30T09:51:01.370] [DEBUG] debug-file - Use tool [/private/var/folders/rr/kxczvs853b3215s_zkhvslhc0000gn/T/AppTranslocation/50C923EE-F32C-45EC-9145-411BE35426DC/d/DevEco-Studio.app/Contents/sdk/default/openharmony/toolchains/restool]
 [
  '/private/var/folders/rr/kxczvs853b3215s_zkhvslhc0000gn/T/AppTranslocation/50C923EE-F32C-45EC-9145-411BE35426DC/d/DevEco-Studio.app/Contents/sdk/default/openharmony/toolchains/restool',
  '-l',
  '/Users/liuzheng/githubProjects/hossleep/entry/build/default/intermediates/res/default/resConfig.json'
]
[2026-07-30T09:51:01.370] [DEBUG] debug-file - current process  memoryUsage: {
  rss: 358236160,
  heapTotal: 191512576,
  heapUsed: 166868880,
  external: 4611297,
  arrayBuffers: 1741657
} os memoryUsage :15.888046264648438
[2026-07-30T09:51:01.396] [DEBUG] debug-file - Info: Pack: normal pack mode

[2026-07-30T09:51:01.526] [DEBUG] debug-file - Info: hardware concurrency count is : 10
Info: thread count is : 10

[2026-07-30T09:51:01.526] [DEBUG] debug-file - Info: thread pool is started

[2026-07-30T09:51:01.528] [DEBUG] debug-file - Info: GenericCompiler::CompileFiles

[2026-07-30T09:51:01.533] [DEBUG] debug-file - Info: GenericCompiler::CompileFiles

[2026-07-30T09:51:01.536] [DEBUG] debug-file - Info: GenericCompiler::CompileFiles

[2026-07-30T09:51:01.537] [DEBUG] debug-file - Info: GenericCompiler::CompileFiles

[2026-07-30T09:51:01.537] [DEBUG] debug-file - Warning: '/Users/liuzheng/githubProjects/hossleep/oh_modules/.ohpm/@cashier_alipay+cashiersdk@15.8.43/oh_modules/@cashier_alipay/cashiersdk/src/main/resources/base/profile/main_pages.json' is defined repeatedly.

[2026-07-30T09:51:01.540] [DEBUG] debug-file - Info: GenericCompiler::CompileFiles

[2026-07-30T09:51:01.541] [DEBUG] debug-file - Info: GenericCompiler::CompileFiles

[2026-07-30T09:51:01.541] [DEBUG] debug-file - Warning: '/Users/liuzheng/githubProjects/hossleep/oh_modules/.ohpm/@taobao-ohos+utdid_sdk@ecjyoomnzz6zaipo1koz9+avemnpw7+togfp5uwrtiu=/oh_modules/@taobao-ohos/utdid_sdk/src/main/resources/base/profile/main_pages.json' is defined repeatedly.

[2026-07-30T09:51:01.542] [DEBUG] debug-file - Info: GenericCompiler::CompileFiles

[2026-07-30T09:51:01.545] [DEBUG] debug-file - Info: GenericCompiler::CompileFiles

[2026-07-30T09:51:01.545] [DEBUG] debug-file - Warning: '/Users/liuzheng/githubProjects/hossleep/oh_modules/.ohpm/@alipay+blueshieldsdk@qgf9fllog8tazdv8uop120fy3saz8l+7jb55+sipesk=/oh_modules/@alipay/blueshieldsdk/src/main/resources/base/profile/main_pages.json' is defined repeatedly.

[2026-07-30T09:51:01.548] [DEBUG] debug-file - 07-30 09:51:01.548  6321 46314 E C01400/ImageTranscoderUtils: DecodeToRGBA IN

[2026-07-30T09:51:01.549] [DEBUG] debug-file - 07-30 09:51:01.548  6321 46314 E C01400/ImageTranscoderUtils: ImageFilter IN /Users/liuzheng/githubProjects/hossleep/entry/src/main/resources/base/media/app_icon.png

[2026-07-30T09:51:01.649] [DEBUG] debug-file - 07-30 09:51:01.648  6321 46314 E C01400/ImageTranscoder: TranscodeSLR Only zoom-out is supported.

[2026-07-30T09:51:01.649] [DEBUG] debug-file - Warning: ScaleImage failed, error message: INVALID_PARAMETERS, file path = /Users/liuzheng/githubProjects/hossleep/entry/src/main/resources/base/media/app_icon.png

[2026-07-30T09:51:01.649] [DEBUG] debug-file - Warning: The width or height of the png file referenced by the icon exceeds the limit (41 pixels)
at /Users/liuzheng/githubProjects/hossleep/entry/src/main/resources/base/media/app_icon.png

[2026-07-30T09:51:01.649] [DEBUG] debug-file - Warning: The width or height of the png file referenced by the startWindowIcon exceeds the limit (144 pixels)
at /Users/liuzheng/githubProjects/hossleep/entry/src/main/resources/base/media/app_icon.png

[2026-07-30T09:51:01.673] [DEBUG] debug-file - Info: restool resources compile success.

[2026-07-30T09:51:01.674] [DEBUG] debug-file - Info: thread pool is stopped

[2026-07-30T09:51:01.679] [WARN] debug-file - Warning: 'start_window_background' conflict, first declared.
at /Users/liuzheng/githubProjects/hossleep/entry/src/main/resources/base/element/color.json
but declared again.
at /Users/liuzheng/githubProjects/hossleep/oh_modules/.ohpm/@cashier_alipay+cashiersdk@15.8.43/oh_modules/@cashier_alipay/cashiersdk/src/main/resources/base/element/color.json
Warning: 'page_show' conflict, first declared.
at /Users/liuzheng/githubProjects/hossleep/oh_modules/.ohpm/@umeng+analytics@1.2.12/oh_modules/@umeng/analytics/src/main/resources/base/element/string.json
but declared again.
at /Users/liuzheng/githubProjects/hossleep/oh_modules/.ohpm/@umeng+common@1.1.12/oh_modules/@umeng/common/src/main/resources/base/element/string.json
Warning: 'page_show' conflict, first declared.
at /Users/liuzheng/githubProjects/hossleep/oh_modules/.ohpm/@umeng+analytics@1.2.12/oh_modules/@umeng/analytics/src/main/resources/en_US/element/string.json
but declared again.
at /Users/liuzheng/githubProjects/hossleep/oh_modules/.ohpm/@umeng+common@1.1.12/oh_modules/@umeng/common/src/main/resources/en_US/element/string.json
Warning: 'page_show' conflict, first declared.
at /Users/liuzheng/githubProjects/hossleep/oh_modules/.ohpm/@umeng+analytics@1.2.12/oh_modules/@umeng/analytics/src/main/resources/zh_CN/element/string.json
but declared again.
at /Users/liuzheng/githubProjects/hossleep/oh_modules/.ohpm/@umeng+common@1.1.12/oh_modules/@umeng/common/src/main/resources/zh_CN/element/string.json
Warning: 'page_show' conflict, first declared.
at /Users/liuzheng/githubProjects/hossleep/oh_modules/.ohpm/@umeng+analytics@1.2.12/oh_modules/@umeng/analytics/src/main/resources/base/element/string.json
but declared again.
at /Users/liuzheng/githubProjects/hossleep/oh_modules/.ohpm/@alipay+blueshieldsdk@qgf9fllog8tazdv8uop120fy3saz8l+7jb55+sipesk=/oh_modules/@alipay/blueshieldsdk/src/main/resources/base/element/string.json
Warning: 'page_show' conflict, first declared.
at /Users/liuzheng/githubProjects/hossleep/oh_modules/.ohpm/@umeng+analytics@1.2.12/oh_modules/@umeng/analytics/src/main/resources/en_US/element/string.json
but declared again.
at /Users/liuzheng/githubProjects/hossleep/oh_modules/.ohpm/@alipay+blueshieldsdk@qgf9fllog8tazdv8uop120fy3saz8l+7jb55+sipesk=/oh_modules/@alipay/blueshieldsdk/src/main/resources/en_US/element/string.json
Warning: 'page_show' conflict, first declared.
at /Users/liuzheng/githubProjects/hossleep/oh_modules/.ohpm/@umeng+analytics@1.2.12/oh_modules/@umeng/analytics/src/main/resources/zh_CN/element/string.json
but declared again.
at /Users/liuzheng/githubProjects/hossleep/oh_modules/.ohpm/@alipay+blueshieldsdk@qgf9fllog8tazdv8uop120fy3saz8l+7jb55+sipesk=/oh_modules/@alipay/blueshieldsdk/src/main/resources/zh_CN/element/string.json
Warning: 'page_show' conflict, first declared.
at /Users/liuzheng/githubProjects/hossleep/oh_modules/.ohpm/@umeng+analytics@1.2.12/oh_modules/@umeng/analytics/src/main/resources/base/element/string.json
but declared again.
at /Users/liuzheng/githubProjects/hossleep/oh_modules/.ohpm/@ohos+crypto-js@2.0.5/oh_modules/@ohos/crypto-js/src/main/resources/base/element/string.json
Warning: 'page_show' conflict, first declared.
at /Users/liuzheng/githubProjects/hossleep/oh_modules/.ohpm/@umeng+analytics@1.2.12/oh_modules/@umeng/analytics/src/main/resources/en_US/element/string.json
but declared again.
at /Users/liuzheng/githubProjects/hossleep/oh_modules/.ohpm/@ohos+crypto-js@2.0.5/oh_modules/@ohos/crypto-js/src/main/resources/en_US/element/string.json
Warning: 'page_show' conflict, first declared.
at /Users/liuzheng/githubProjects/hossleep/oh_modules/.ohpm/@umeng+analytics@1.2.12/oh_modules/@umeng/analytics/src/main/resources/zh_CN/element/string.json
but declared again.
at /Users/liuzheng/githubProjects/hossleep/oh_modules/.ohpm/@ohos+crypto-js@2.0.5/oh_modules/@ohos/crypto-js/src/main/resources/zh_CN/element/string.json
Warning: 'msp_ssl_error' conflict, first declared.
at /Users/liuzheng/githubProjects/hossleep/oh_modules/.ohpm/@cashier_alipay+cashiersdk@15.8.43/oh_modules/@cashier_alipay/cashiersdk/src/main/resources/base/element/string.json
but declared again.
at /Users/liuzheng/githubProjects/hossleep/entry/build/default/intermediates/res/default/resource_str/base/element/string.json
Warning: 'msp_ssl_error' conflict, first declared.
at /Users/liuzheng/githubProjects/hossleep/oh_modules/.ohpm/@cashier_alipay+cashiersdk@15.8.43/oh_modules/@cashier_alipay/cashiersdk/src/main/resources/en_US/element/string.json
but declared again.
at /Users/liuzheng/githubProjects/hossleep/entry/build/default/intermediates/res/default/resource_str/en_US/element/string.json
Warning: 'msp_ssl_error' conflict, first declared.
at /Users/liuzheng/githubProjects/hossleep/oh_modules/.ohpm/@cashier_alipay+cashiersdk@15.8.43/oh_modules/@cashier_alipay/cashiersdk/src/main/resources/zh_CN/element/string.json
but declared again.
at /Users/liuzheng/githubProjects/hossleep/entry/build/default/intermediates/res/default/resource_str/zh_CN/element/string.json
Warning: 'msp_ssl_error_title' conflict, first declared.
at /Users/liuzheng/githubProjects/hossleep/oh_modules/.ohpm/@cashier_alipay+cashiersdk@15.8.43/oh_modules/@cashier_alipay/cashiersdk/src/main/resources/base/element/string.json
but declared again.
at /Users/liuzheng/githubProjects/hossleep/entry/build/default/intermediates/res/default/resource_str/base/element/string.json
Warning: 'msp_ssl_error_title' conflict, first declared.
at /Users/liuzheng/githubProjects/hossleep/oh_modules/.ohpm/@cashier_alipay+cashiersdk@15.8.43/oh_modules/@cashier_alipay/cashiersdk/src/main/resources/en_US/element/string.json
but declared again.
at /Users/liuzheng/githubProjects/hossleep/entry/build/default/intermediates/res/default/resource_str/en_US/element/string.json
Warning: 'msp_ssl_error_title' conflict, first declared.
at /Users/liuzheng/githubProjects/hossleep/oh_modules/.ohpm/@cashier_alipay+cashiersdk@15.8.43/oh_modules/@cashier_alipay/cashiersdk/src/main/resources/zh_CN/element/string.json
but declared again.
at /Users/liuzheng/githubProjects/hossleep/entry/build/default/intermediates/res/default/resource_str/zh_CN/element/string.json
Warning: 'ok' conflict, first declared.
at /Users/liuzheng/githubProjects/hossleep/oh_modules/.ohpm/@cashier_alipay+cashiersdk@15.8.43/oh_modules/@cashier_alipay/cashiersdk/src/main/resources/base/element/string.json
but declared again.
at /Users/liuzheng/githubProjects/hossleep/entry/build/default/intermediates/res/default/resource_str/base/element/string.json
Warning: 'ok' conflict, first declared.
at /Users/liuzheng/githubProjects/hossleep/oh_modules/.ohpm/@cashier_alipay+cashiersdk@15.8.43/oh_modules/@cashier_alipay/cashiersdk/src/main/resources/en_US/element/string.json
but declared again.
at /Users/liuzheng/githubProjects/hossleep/entry/build/default/intermediates/res/default/resource_str/en_US/element/string.json
Warning: 'ok' conflict, first declared.
at /Users/liuzheng/githubProjects/hossleep/oh_modules/.ohpm/@cashier_alipay+cashiersdk@15.8.43/oh_modules/@cashier_alipay/cashiersdk/src/main/resources/zh_CN/element/string.json
but declared again.
at /Users/liuzheng/githubProjects/hossleep/entry/build/default/intermediates/res/default/resource_str/zh_CN/element/string.json
Warning: 'page_show' conflict, first declared.
at /Users/liuzheng/githubProjects/hossleep/oh_modules/.ohpm/@umeng+analytics@1.2.12/oh_modules/@umeng/analytics/src/main/resources/base/element/string.json
but declared again.
at /Users/liuzheng/githubProjects/hossleep/entry/build/default/intermediates/res/default/resource_str/base/element/string.json
Warning: 'page_show' conflict, first declared.
at /Users/liuzheng/githubProjects/hossleep/oh_modules/.ohpm/@umeng+analytics@1.2.12/oh_modules/@umeng/analytics/src/main/resources/en_US/element/string.json
but declared again.
at /Users/liuzheng/githubProjects/hossleep/entry/build/default/intermediates/res/default/resource_str/en_US/element/string.json
Warning: 'page_show' conflict, first declared.
at /Users/liuzheng/githubProjects/hossleep/oh_modules/.ohpm/@umeng+analytics@1.2.12/oh_modules/@umeng/analytics/src/main/resources/zh_CN/element/string.json
but declared again.
at /Users/liuzheng/githubProjects/hossleep/entry/build/default/intermediates/res/default/resource_str/zh_CN/element/string.json
Warning: 'shared_desc' conflict, first declared.
at /Users/liuzheng/githubProjects/hossleep/oh_modules/.ohpm/@taobao-ohos+utdid_sdk@ecjyoomnzz6zaipo1koz9+avemnpw7+togfp5uwrtiu=/oh_modules/@taobao-ohos/utdid_sdk/src/main/resources/base/element/string.json
but declared again.
at /Users/liuzheng/githubProjects/hossleep/entry/build/default/intermediates/res/default/resource_str/base/element/string.json

[2026-07-30T09:51:01.680] [DEBUG] debug-file - entry : default@CompileResource cost memory 0.9409332275390625
[2026-07-30T09:51:01.680] [DEBUG] debug-file - runTaskFromQueue task cost before running: 1 s 410 ms 
[2026-07-30T09:51:01.680] [INFO] debug-file - Finished :entry:default@CompileResource... after 311 ms 
[2026-07-30T09:51:01.680] [DEBUG] debug-file - Executing task :entry:default@DoNativeStrip
[2026-07-30T09:51:01.680] [DEBUG] debug-file - File: '/Users/liuzheng/githubProjects/hossleep/entry/build/default/intermediates/binxo/default' from 'doBinxoNativeLibs' is not exists, just ignore.
[2026-07-30T09:51:01.680] [DEBUG] debug-file - Task 'entry:default@DoNativeStrip' cost while wrapping incremental declarations: 1 ms 
[2026-07-30T09:51:01.681] [DEBUG] debug-file - default@DoNativeStrip work[0] is submitted.
[2026-07-30T09:51:01.681] [DEBUG] debug-file - default@DoNativeStrip work[0] is pushed to ready queue.
[2026-07-30T09:51:01.681] [DEBUG] debug-file - A work dispatched to worker[9] failed because unable to get work from ready queue.
[2026-07-30T09:51:01.681] [DEBUG] debug-file - Create  resident worker with id: 8.
[2026-07-30T09:51:01.681] [DEBUG] debug-file - default@DoNativeStrip work[0] has been dispatched to worker[8].
[2026-07-30T09:51:01.681] [DEBUG] debug-file - default@DoNativeStrip work[0] is dispatched.
[2026-07-30T09:51:01.682] [DEBUG] debug-file - entry : default@DoNativeStrip cost memory 0.1983184814453125
[2026-07-30T09:51:01.682] [DEBUG] debug-file - Executing task :entry:default@CompileArkTS
[2026-07-30T09:51:01.682] [DEBUG] debug-file - obfuscationOptions: undefined
[2026-07-30T09:51:01.683] [DEBUG] debug-file - Task 'entry:default@CompileArkTS' cost while wrapping incremental declarations: 1 ms 
[2026-07-30T09:51:01.686] [DEBUG] debug-file - build config:
[2026-07-30T09:51:01.686] [DEBUG] debug-file - {
  moduleType: 'entry',
  perf: 0,
  targetName: '.default',
  packageManagerType: 'ohpm',
  localPropertiesPath: '/Users/liuzheng/githubProjects/hossleep/local.properties',
  isPreview: false,
  isOhosTest: false,
  isLocalTest: false,
  buildMode: 'Debug',
  hotReloadBuild: undefined,
  watchMode: 'false',
  aceProfilePath: '/Users/liuzheng/githubProjects/hossleep/entry/build/default/intermediates/res/default/resources/base/profile',
  etsLoaderPath: '/private/var/folders/rr/kxczvs853b3215s_zkhvslhc0000gn/T/AppTranslocation/50C923EE-F32C-45EC-9145-411BE35426DC/d/DevEco-Studio.app/Contents/sdk/default/openharmony/ets/build-tools/ets-loader',
  modulePath: '/Users/liuzheng/githubProjects/hossleep/entry',
  testFrameworkPar: {
    testMode: undefined,
    coveragePathFilter: undefined,
    coverageMode: undefined
  },
  needCoverageInsert: false,
  debugLine: false,
  projectTopDir: '/Users/liuzheng/githubProjects/hossleep',
  compileSdkVersion: 24,
  compatibleSdkVersion: 13,
  originCompatibleSdkVersion: '5.0.1(13)',
  compatibleSdkVersionStage: undefined,
  bundleName: 'h***p',
  etsLoaderVersion: '6.1.1.125',
  etsLoaderReleaseType: 'Release',
  aotCompileMode: 'type',
  apPath: '/Users/liuzheng/githubProjects/hossleep/entry/modules.ap',
  entryModuleName: 'entry',
  entryModuleVersion: '1.0.0',
  entryPackageName: 'entry',
  allModuleNameHash: 'a5553fffd48aa6fb6e46d54d5a8fe8dc5009c3893d19fa1605f2d0ce841134e7',
  externalApiPaths: [
    '/private/var/folders/rr/kxczvs853b3215s_zkhvslhc0000gn/T/AppTranslocation/50C923EE-F32C-45EC-9145-411BE35426DC/d/DevEco-Studio.app/Contents/sdk/default/hms/ets'
  ],
  compilerTypes: [],
  isCrossplatform: false,
  hvigorPluginFile: undefined,
  compilePluginPath: undefined,
  buildGeneratedProfilePath: '/Users/liuzheng/githubProjects/hossleep/entry/build/default/generated/profile/default',
  bundleType: 'app',
  arkTSVersion: undefined,
  apiVersion: 24,
  needCompleteSourcesMap: false,
  isFaMode: false,
  buildDir: '/Users/liuzheng/githubProjects/hossleep/entry/build',
  deviceTypes: [ 'phone', 'tablet' ],
  pkgContextInfo: {
    '@cashier_alipay/cashiersdk': {
      packageName: '@cashier_alipay/cashiersdk',
      bundleName: '*****',
      moduleName: '',
      version: '15.8.43',
      entryPath: 'Index',
      isSO: false,
      dependencyAlias: ''
    },
    '@umeng/analytics': {
      packageName: '@umeng/analytics',
      bundleName: '*****',
      moduleName: '',
      version: '1.2.12',
      entryPath: 'Index',
      isSO: false,
      dependencyAlias: ''
    },
    '@umeng/common': {
      packageName: '@umeng/common',
      bundleName: '*****',
      moduleName: '',
      version: '1.1.12',
      entryPath: 'Index',
      isSO: false,
      dependencyAlias: ''
    },
    '@taobao-ohos/utdid_sdk': {
      packageName: '@taobao-ohos/utdid_sdk',
      bundleName: '*****',
      moduleName: '',
      version: '1.2.5',
      entryPath: 'src/main/ets/Index.ets',
      isSO: false,
      dependencyAlias: ''
    },
    '@alipay/blueshieldsdk': {
      packageName: '@alipay/blueshieldsdk',
      bundleName: '*****',
      moduleName: '',
      version: '1.0.30',
      entryPath: 'Index',
      isSO: false,
      dependencyAlias: ''
    },
    pako: {
      packageName: 'pako',
      bundleName: '*****',
      moduleName: '',
      version: '2.1.0',
      entryPath: 'dist/pako.esm.mjs',
      isSO: false,
      dependencyAlias: ''
    },
    'libcommon.so': {
      packageName: 'libcommon.so',
      bundleName: '*****',
      moduleName: '',
      version: '',
      entryPath: 'index',
      isSO: true,
      dependencyAlias: ''
    },
    'libutdid_native.so': {
      packageName: 'libutdid_native.so',
      bundleName: '*****',
      moduleName: '',
      version: '',
      entryPath: 'index',
      isSO: true,
      dependencyAlias: ''
    },
    '@ohos/crypto-js': {
      packageName: '@ohos/crypto-js',
      bundleName: '*****',
      moduleName: '',
      version: '2.0.5',
      entryPath: 'index.ts',
      isSO: false,
      dependencyAlias: ''
    },
    'libblueshield.so': {
      packageName: 'libblueshield.so',
      bundleName: '*****',
      moduleName: '',
      version: '',
      entryPath: 'index',
      isSO: true,
      dependencyAlias: ''
    },
    entry: {
      packageName: 'entry',
      bundleName: '*****',
      moduleName: '',
      version: '',
      entryPath: 'src/main/',
      isSO: false,
      dependencyAlias: ''
    }
  },
  ohPackagePathMap: {},
  dependencyAliasMap: {},
  permission: {
    requestPermissions: [ [Object], [Object], [Object], [Object] ],
    definePermissions: undefined
  },
  useGetCurrentBundleName: false,
  projectArkOption: undefined,
  sourceMapDir: undefined,
  branchElimination: false,
  transformLib: undefined,
  tsImportSendable: false,
  resolveConflictMode: true,
  depName2RootPath: {},
  depName2DepInfo: {},
  depName2OhExports: {},
  rootPathSet: [ '/Users/liuzheng/githubProjects/hossleep' ],
  useNativeResolver: true,
  shouldEmitJs: true,
  useTscResolve: false,
  singleFileEmit: false,
  userProjectConfig: {
    autoLazyImport: false,
    allowEmptyBundleName: false,
    reExportCheckMode: 'noCheck',
    executionMode: 'memory',
    usePathPlaceholder: false,
    writeRollupCache: true,
    isExpandImportEnabled: false,
    expandImportExclude: '',
    lazyImportExclude: '',
    lazyImportInclude: '',
    ignoreCrossplatformCheck: false,
    isHarDeduplicateEnabled: false,
    skipOhModulesLint: false,
    enableStrictCheckOHModule: false,
    disableSendableCheckRules: [],
    useDeclarationFileSignature: false,
    customizedOptions: undefined,
    integratedHsp: false,
    isPreloadSoEnabled: false
  },
  executionMode: 'memory',
  arkCompileCachePath: '/Users/liuzheng/githubProjects/hossleep/entry/build/default/cache/default/default@CompileArkTS/esmodule',
  autoLazyFilter: undefined,
  isHarDeduplicateEnabled: false,
  intermediateHarDuplicateDirPath: '/Users/liuzheng/githubProjects/hossleep/entry/build/default/intermediates/har_duplicate/default',
  autoLazyImport: false,
  allowEmptyBundleName: false,
  reExportCheckMode: 'noCheck',
  usePathPlaceholder: false,
  writeRollupCache: true,
  isExpandImportEnabled: false,
  expandImportExclude: '',
  lazyImportExclude: '',
  lazyImportInclude: '',
  ignoreCrossplatformCheck: false,
  skipOhModulesLint: false,
  enableStrictCheckOHModule: false,
  disableSendableCheckRules: [],
  useDeclarationFileSignature: false,
  customizedOptions: undefined,
  integratedHsp: false,
  isPreloadSoEnabled: false,
  strictMode: {
    caseSensitiveCheck: true,
    useNormalizedOHMUrl: true,
    noExternalImportByPath: true
  },
  useNormalizedOHMUrl: true,
  caseSensitiveCheck: true,
  strictCheckerOnly: false,
  aceModuleJsonPath: '/Users/liuzheng/githubProjects/hossleep/entry/build/default/intermediates/res/default/ark_module.json',
  appResource: '/Users/liuzheng/githubProjects/hossleep/entry/build/default/intermediates/res/default/ResourceTable.txt',
  rawFileResource: '/Users/liuzheng/githubProjects/hossleep/entry/build/default/intermediates/res/default/resources/rawfile',
  resourceTableHash: '17cb931025b4c87f6c896be9f9a112270133ed53b369ccaf72f03ab8082e20ea',
  runtimeOS: 'HarmonyOS',
  sdkInfo: 'false:24:6.1.1.125:Release',
  aceModuleRoot: '/Users/liuzheng/githubProjects/hossleep/entry/src/main/ets',
  compileMode: 'esmodule',
  aceSuperVisualPath: '/Users/liuzheng/githubProjects/hossleep/entry/src/main/supervisual',
  aceBuildJson: '/Users/liuzheng/githubProjects/hossleep/entry/build/default/intermediates/loader/default/loader.json',
  cachePath: '/Users/liuzheng/githubProjects/hossleep/entry/build/default/cache/default/default@CompileArkTS/esmodule/debug',
  aceModuleBuild: '/Users/liuzheng/githubProjects/hossleep/entry/build/default/intermediates/loader_out/default/ets',
  supportChunks: true,
  declaredFilesPath: undefined,
  shouldCollectDirectImportees: false,
  isByteCodeHarOptimize: false,
  expandImportPath: undefined,
  resourceTableTs: '/Users/liuzheng/githubProjects/hossleep/entry/build/default/generated/r/default/ResourceTable.ts',
  moduleMetaInfoFiles: [
    {
      filePath: '/Users/liuzheng/githubProjects/hossleep/entry/build/default/generated/r/default/ResourceTable.ts',
      ohmurl: '&entry/build/generated/r/ResourceTable&'
    }
  ],
  pkgNameToPkgBriefInfo: {
    '@cashier_alipay/cashiersdk': {
      pkgRoot: '/Users/liuzheng/githubProjects/hossleep/oh_modules/.ohpm/@cashier_alipay+cashiersdk@15.8.43/oh_modules/@cashier_alipay/cashiersdk',
      pkgName: '@cashier_alipay/cashiersdk',
      sourceRoots: [Array]
    },
    '@umeng/analytics': {
      pkgRoot: '/Users/liuzheng/githubProjects/hossleep/oh_modules/.ohpm/@umeng+analytics@1.2.12/oh_modules/@umeng/analytics',
      pkgName: '@umeng/analytics',
      sourceRoots: [Array]
    },
    '@umeng/common': {
      pkgRoot: '/Users/liuzheng/githubProjects/hossleep/oh_modules/.ohpm/@umeng+common@1.1.12/oh_modules/@umeng/common',
      pkgName: '@umeng/common',
      sourceRoots: [Array]
    },
    '@taobao-ohos/utdid_sdk': {
      pkgRoot: '/Users/liuzheng/githubProjects/hossleep/oh_modules/.ohpm/@taobao-ohos+utdid_sdk@ecjyoomnzz6zaipo1koz9+avemnpw7+togfp5uwrtiu=/oh_modules/@taobao-ohos/utdid_sdk',
      pkgName: '@taobao-ohos/utdid_sdk',
      sourceRoots: [Array]
    },
    '@alipay/blueshieldsdk': {
      pkgRoot: '/Users/liuzheng/githubProjects/hossleep/oh_modules/.ohpm/@alipay+blueshieldsdk@qgf9fllog8tazdv8uop120fy3saz8l+7jb55+sipesk=/oh_modules/@alipay/blueshieldsdk',
      pkgName: '@alipay/blueshieldsdk',
      sourceRoots: [Array]
    },
    '@ohos/crypto-js': {
      pkgRoot: '/Users/liuzheng/githubProjects/hossleep/oh_modules/.ohpm/@ohos+crypto-js@2.0.5/oh_modules/@ohos/crypto-js',
      pkgName: '@ohos/crypto-js',
      sourceRoots: [Array]
    },
    entry: {
      pkgRoot: '/Users/liuzheng/githubProjects/hossleep/entry',
      originalSourceRoots: undefined,
      sourceRoots: [Array],
      pkgName: 'entry'
    }
  },
  projectModel: {
    '/Users/liuzheng/githubProjects/hossleep/entry/src/main': {
      moduleName: 'entry',
      modulePkgPath: '/Users/liuzheng/githubProjects/hossleep/entry',
      belongProjectPath: '/Users/liuzheng/githubProjects/hossleep'
    },
    '/Users/liuzheng/githubProjects/hossleep/entry': {
      moduleName: 'entry',
      modulePkgPath: '/Users/liuzheng/githubProjects/hossleep/entry',
      belongProjectPath: '/Users/liuzheng/githubProjects/hossleep'
    },
    '/Users/liuzheng/githubProjects/hossleep': {
      moduleName: 'hossleep',
      modulePkgPath: '/Users/liuzheng/githubProjects/hossleep',
      belongProjectPath: '/Users/liuzheng/githubProjects/hossleep'
    }
  },
  pkgJsonFileHash: '17055fc0e7580ab8af279db7dcfa32377b9c54362e85ce93540b3885a6b90571',
  allModulePaths: [ '/Users/liuzheng/githubProjects/hossleep/entry' ],
  routerMap: {},
  obfuscationOptions: undefined,
  byteCodeHarToDependencyKeys: undefined,
  compileBlockPkg: [
    '@cashier_alipay/cashiersdk',
    '@umeng/analytics',
    '@umeng/common',
    '@alipay/blueshieldsdk'
  ],
  mockParams: {
    decorator: '@MockSetup',
    packageName: '@ohos/hamock',
    etsSourceRootPath: 'src/main/ets',
    mockConfigPath: undefined,
    mockConfigKey2ModuleInfo: {},
    source2ModuleIdMap: {}
  },
  copyCodeResourceEnable: false,
  copyCodeResourceExcludes: [],
  copyCodeResourceIncludes: undefined,
  uiTransformOptimization: false,
  sdkPath: '/private/var/folders/rr/kxczvs853b3215s_zkhvslhc0000gn/T/AppTranslocation/50C923EE-F32C-45EC-9145-411BE35426DC/d/DevEco-Studio.app/Contents/sdk',
  needPreloadSoFileSet: {},
  preloadSoFilePath: '/Users/liuzheng/githubProjects/hossleep/entry/build/default/intermediates/preload/default/preload.json',
  useSourceHash: false,
  localModuleParamMap: {},
  otherPaths: {
    '@cashier_alipay/cashiersdk/*': [
      '../../../../oh_modules/.ohpm/@cashier_alipay+cashiersdk@15.8.43/oh_modules/@cashier_alipay/cashiersdk/src/main/*'
    ],
    '@umeng/analytics/*': [
      '../../../../oh_modules/.ohpm/@umeng+analytics@1.2.12/oh_modules/@umeng/analytics/src/main/*'
    ],
    '@umeng/common/*': [
      '../../../../oh_modules/.ohpm/@umeng+common@1.1.12/oh_modules/@umeng/common/src/main/*'
    ],
    '@taobao-ohos/utdid_sdk/*': [
      '../../../../oh_modules/.ohpm/@taobao-ohos+utdid_sdk@ecjyoomnzz6zaipo1koz9+avemnpw7+togfp5uwrtiu=/oh_modules/@taobao-ohos/utdid_sdk/src/main/*'
    ],
    '@alipay/blueshieldsdk/*': [
      '../../../../oh_modules/.ohpm/@alipay+blueshieldsdk@qgf9fllog8tazdv8uop120fy3saz8l+7jb55+sipesk=/oh_modules/@alipay/blueshieldsdk/src/main/*'
    ],
    '@ohos/crypto-js/*': [
      '../../../../oh_modules/.ohpm/@ohos+crypto-js@2.0.5/oh_modules/@ohos/crypto-js/src/main/*'
    ],
    'entry/*': [ '../*', '../../../build/default/generated/profile/default/*' ]
  },
  collectImportersConfig: undefined
}
[2026-07-30T09:51:01.687] [DEBUG] debug-file - Compile arkts with external api path: /private/var/folders/rr/kxczvs853b3215s_zkhvslhc0000gn/T/AppTranslocation/50C923EE-F32C-45EC-9145-411BE35426DC/d/DevEco-Studio.app/Contents/sdk/default/hms/ets
[2026-07-30T09:51:01.687] [DEBUG] debug-file - default@CompileArkTS work[1] is submitted.
[2026-07-30T09:51:01.687] [DEBUG] debug-file - default@CompileArkTS work[1] is pushed to ready queue.
[2026-07-30T09:51:01.687] [DEBUG] debug-file - A work dispatched to worker[9] failed because unable to get work from ready queue.
[2026-07-30T09:51:01.687] [DEBUG] debug-file - A work dispatched to worker[8] failed because of worker busy.
[2026-07-30T09:51:01.687] [DEBUG] debug-file - A work dispatched to worker[7] failed because unable to get work from ready queue.
[2026-07-30T09:51:01.687] [DEBUG] debug-file - A work dispatched to worker[6] failed because unable to get work from ready queue.
[2026-07-30T09:51:01.687] [DEBUG] debug-file - A work dispatched to worker[5] failed because unable to get work from ready queue.
[2026-07-30T09:51:01.687] [DEBUG] debug-file - Create  resident worker with id: 4.
[2026-07-30T09:51:01.687] [DEBUG] debug-file - default@CompileArkTS work[1] has been dispatched to worker[4].
[2026-07-30T09:51:01.687] [DEBUG] debug-file - default@CompileArkTS work[1] is dispatched.
[2026-07-30T09:51:01.687] [DEBUG] debug-file - entry : default@CompileArkTS cost memory 2.2130279541015625
[2026-07-30T09:51:01.688] [DEBUG] debug-file - Executing task :entry:default@BuildJS
[2026-07-30T09:51:01.688] [DEBUG] debug-file - Task 'entry:default@BuildJS' cost while wrapping incremental declarations: 1 ms 
[2026-07-30T09:51:01.688] [DEBUG] debug-file - entry : default@BuildJS cost memory 0.16501617431640625
[2026-07-30T09:51:01.688] [DEBUG] debug-file - runTaskFromQueue task cost before running: 1 s 418 ms 
[2026-07-30T09:51:01.688] [INFO] debug-file - Finished :entry:default@BuildJS... after 1 ms 
[2026-07-30T09:51:01.934] [DEBUG] debug-file - current process  memoryUsage: {
  rss: 562135040,
  heapTotal: 84180992,
  heapUsed: 64926672,
  external: 13611178,
  arrayBuffers: 11457724
} os memoryUsage :15.787185668945312
[2026-07-30T09:51:01.945] [DEBUG] debug-file - current process  memoryUsage: {
  rss: 566607872,
  heapTotal: 84180992,
  heapUsed: 65020488,
  external: 13613266,
  arrayBuffers: 11457724
} os memoryUsage :15.792556762695312
[2026-07-30T09:51:01.946] [DEBUG] debug-file - current process  memoryUsage: {
  rss: 566853632,
  heapTotal: 84180992,
  heapUsed: 65301568,
  external: 13613266,
  arrayBuffers: 11457724
} os memoryUsage :15.792434692382812
[2026-07-30T09:51:02.008] [DEBUG] debug-file - worker[8] has one work done.
[2026-07-30T09:51:02.008] [DEBUG] debug-file - default@DoNativeStrip work[0] done.
[2026-07-30T09:51:02.008] [DEBUG] debug-file - A work dispatched to worker[8] failed because unable to get work from ready queue.
[2026-07-30T09:51:02.009] [INFO] debug-file - Finished :entry:default@DoNativeStrip... after 82 ms 
[2026-07-30T09:51:02.009] [DEBUG] debug-file - Executing task :entry:default@CacheNativeLibs
[2026-07-30T09:51:02.009] [DEBUG] debug-file - File: '/Users/liuzheng/githubProjects/hossleep/entry/build/default/intermediates/binxo/default' from 'cacheBinxoNativeLibs' is not exists, just ignore.
[2026-07-30T09:51:02.009] [DEBUG] debug-file - Task 'entry:default@CacheNativeLibs' cost while wrapping incremental declarations: 1 ms 
[2026-07-30T09:51:02.009] [DEBUG] debug-file - default@CacheNativeLibs work[2] is submitted.
[2026-07-30T09:51:02.009] [DEBUG] debug-file - default@CacheNativeLibs work[2] is pushed to ready queue.
[2026-07-30T09:51:02.009] [DEBUG] debug-file - A work dispatched to worker[9] failed because unable to get work from ready queue.
[2026-07-30T09:51:02.009] [DEBUG] debug-file - default@CacheNativeLibs work[2] has been dispatched to worker[8].
[2026-07-30T09:51:02.009] [DEBUG] debug-file - default@CacheNativeLibs work[2] is dispatched.
[2026-07-30T09:51:02.009] [DEBUG] debug-file - entry : default@CacheNativeLibs cost memory 0.101776123046875
[2026-07-30T09:51:02.011] [DEBUG] debug-file - worker[8] has one work done.
[2026-07-30T09:51:02.011] [DEBUG] debug-file - default@CacheNativeLibs work[2] done.
[2026-07-30T09:51:02.011] [DEBUG] debug-file - A work dispatched to worker[8] failed because unable to get work from ready queue.
[2026-07-30T09:51:02.011] [INFO] debug-file - Finished :entry:default@CacheNativeLibs... after 2 ms 
[2026-07-30T09:51:05.845] [WARN] debug-file - [33mWARN: [33m[33mArkTS:WARN File: /Users/liuzheng/githubProjects/hossleep/oh_modules/.ohpm/@cashier_alipay+cashiersdk@15.8.43/oh_modules/@cashier_alipay/cashiersdk/src/main/ets/components/Loading.d.ets:2:1
 Switching off type checks with in-place comments is not allowed (arkts-strict-typing-required)
[39m[39m
[33mWARN: [33m[33mArkTS:WARN File: /Users/liuzheng/githubProjects/hossleep/oh_modules/.ohpm/@cashier_alipay+cashiersdk@15.8.43/oh_modules/@cashier_alipay/cashiersdk/src/main/ets/api/Pay.d.ets:2:1
 Switching off type checks with in-place comments is not allowed (arkts-strict-typing-required)
[39m[39m
[33mWARN: [33m[33mArkTS:WARN File: /Users/liuzheng/githubProjects/hossleep/oh_modules/.ohpm/@cashier_alipay+cashiersdk@15.8.43/oh_modules/@cashier_alipay/cashiersdk/src/main/ets/api/Log.d.ets:2:1
 Switching off type checks with in-place comments is not allowed (arkts-strict-typing-required)
[39m[39m
[33mWARN: [33m[33mArkTS:WARN File: /Users/liuzheng/githubProjects/hossleep/oh_modules/.ohpm/@cashier_alipay+cashiersdk@15.8.43/oh_modules/@cashier_alipay/cashiersdk/src/main/ets/components/h5page/AlipayH5Page.d.ets:2:1
 Switching off type checks with in-place comments is not allowed (arkts-strict-typing-required)
[39m[39m
[33mWARN: [33m[33mArkTS:WARN File: /Users/liuzheng/githubProjects/hossleep/oh_modules/.ohpm/@cashier_alipay+cashiersdk@15.8.43/oh_modules/@cashier_alipay/cashiersdk/src/main/ets/utils/Utils.d.ets:2:1
 Switching off type checks with in-place comments is not allowed (arkts-strict-typing-required)
[39m[39m
[33mWARN: [33m[33mArkTS:WARN File: /Users/liuzheng/githubProjects/hossleep/oh_modules/.ohpm/@cashier_alipay+cashiersdk@15.8.43/oh_modules/@cashier_alipay/cashiersdk/src/main/ets/utils/ServerUrlUtil.d.ets:2:1
 Switching off type checks with in-place comments is not allowed (arkts-strict-typing-required)
[39m[39m
[33mWARN: [33m[33mArkTS:WARN File: /Users/liuzheng/githubProjects/hossleep/oh_modules/.ohpm/@cashier_alipay+cashiersdk@15.8.43/oh_modules/@cashier_alipay/cashiersdk/Index.d.ets:2:1
 Switching off type checks with in-place comments is not allowed (arkts-strict-typing-required)
[39m[39m
[33mWARN: [33m[33mArkTS:WARN: For details about ArkTS syntax errors, see FAQs[39m[39m
[33mWARN: [33m[33mArkTS:WARN File: /Users/liuzheng/githubProjects/hossleep/entry/src/main/ets/entryability/EntryAbility.ets:26:10
 'registerFont' has been deprecated.
[39m[39m
[33mWARN: [33m[33mArkTS:WARN File: /Users/liuzheng/githubProjects/hossleep/entry/src/main/ets/entryability/EntryAbility.ets:27:10
 'registerFont' has been deprecated.
[39m[39m
[33mWARN: [33m[33mArkTS:WARN File: /Users/liuzheng/githubProjects/hossleep/entry/src/main/ets/entryability/EntryAbility.ets:28:10
 'registerFont' has been deprecated.
[39m[39m
[33mWARN: [33m[33mArkTS:WARN File: /Users/liuzheng/githubProjects/hossleep/entry/src/main/ets/entryability/EntryAbility.ets:31:10
 'registerFont' has been deprecated.
[39m[39m
[33mWARN: [33m[33mArkTS:WARN File: /Users/liuzheng/githubProjects/hossleep/entry/src/main/ets/entryability/EntryAbility.ets:32:10
 'registerFont' has been deprecated.
[39m[39m
[33mWARN: [33m[33mArkTS:WARN File: /Users/liuzheng/githubProjects/hossleep/entry/src/main/ets/entryability/EntryAbility.ets:34:24
 Function may throw exceptions. Special handling is required.
[39m[39m
[33mWARN: [33m[33mArkTS:WARN File: /Users/liuzheng/githubProjects/hossleep/entry/src/main/ets/entryability/EntryAbility.ets:35:5
 Function may throw exceptions. Special handling is required.
[39m[39m
[33mWARN: [33m[33mArkTS:WARN File: /Users/liuzheng/githubProjects/hossleep/entry/src/main/ets/components/app/PrivacyAgreementDialog.ets:28:23
 'getContext' has been deprecated.
[39m[39m
[33mWARN: [33m[33mArkTS:WARN File: /Users/liuzheng/githubProjects/hossleep/entry/src/main/ets/services/SoundPlayer.ets:21:15
 Function may throw exceptions. Special handling is required.
[39m[39m
[33mWARN: [33m[33mArkTS:WARN File: /Users/liuzheng/githubProjects/hossleep/entry/src/main/ets/services/SoundPlayer.ets:24:15
 Function may throw exceptions. Special handling is required.
[39m[39m
[33mWARN: [33m[33mArkTS:WARN File: /Users/liuzheng/githubProjects/hossleep/entry/src/main/ets/services/SoundPlayer.ets:58:26
 Function may throw exceptions. Special handling is required.
[39m[39m
[33mWARN: [33m[33mArkTS:WARN File: /Users/liuzheng/githubProjects/hossleep/entry/src/main/ets/services/SoundPlayer.ets:60:13
 Function may throw exceptions. Special handling is required.
[39m[39m
[33mWARN: [33m[33mArkTS:WARN File: /Users/liuzheng/githubProjects/hossleep/entry/src/main/ets/services/SoundPlayer.ets:79:24
 Function may throw exceptions. Special handling is required.
[39m[39m
[33mWARN: [33m[33mArkTS:WARN File: /Users/liuzheng/githubProjects/hossleep/entry/src/main/ets/services/SoundPlayer.ets:83:26
 Function may throw exceptions. Special handling is required.
[39m[39m
[33mWARN: [33m[33mArkTS:WARN File: /Users/liuzheng/githubProjects/hossleep/entry/src/main/ets/services/SoundPlayer.ets:84:20
 Function may throw exceptions. Special handling is required.
[39m[39m
[33mWARN: [33m[33mArkTS:WARN File: /Users/liuzheng/githubProjects/hossleep/entry/src/main/ets/services/SoundPlayer.ets:96:13
 Function may throw exceptions. Special handling is required.
[39m[39m
[33mWARN: [33m[33mArkTS:WARN File: /Users/liuzheng/githubProjects/hossleep/entry/src/main/ets/services/SoundPlayer.ets:100:7
 Function may throw exceptions. Special handling is required.
[39m[39m
[33mWARN: [33m[33mArkTS:WARN File: /Users/liuzheng/githubProjects/hossleep/entry/src/main/ets/services/SoundPlayer.ets:104:7
 Function may throw exceptions. Special handling is required.
[39m[39m
[33mWARN: [33m[33mArkTS:WARN File: /Users/liuzheng/githubProjects/hossleep/entry/src/main/ets/services/SoundPlayer.ets:139:30
 Function may throw exceptions. Special handling is required.
[39m[39m
[33mWARN: [33m[33mArkTS:WARN File: /Users/liuzheng/githubProjects/hossleep/entry/src/main/ets/services/SoundPlayer.ets:148:20
 Function may throw exceptions. Special handling is required.
[39m[39m
[33mWARN: [33m[33mArkTS:WARN File: /Users/liuzheng/githubProjects/hossleep/entry/src/main/ets/services/SoundPlayer.ets:150:7
 Function may throw exceptions. Special handling is required.
[39m[39m
[33mWARN: [33m[33mArkTS:WARN File: /Users/liuzheng/githubProjects/hossleep/entry/src/main/ets/services/SoundPlayer.ets:151:7
 Function may throw exceptions. Special handling is required.
[39m[39m
[33mWARN: [33m[33mArkTS:WARN File: /Users/liuzheng/githubProjects/hossleep/entry/src/main/ets/components/sounds/SoundHomePage.ets:57:48
 'getContext' has been deprecated.
[39m[39m
[33mWARN: [33m[33mArkTS:WARN File: /Users/liuzheng/githubProjects/hossleep/entry/src/main/ets/components/sounds/SoundHomePage.ets:335:23
 'getContext' has been deprecated.
[39m[39m
[33mWARN: [33m[33mArkTS:WARN File: /Users/liuzheng/githubProjects/hossleep/entry/src/main/ets/components/stories/StoryHomePage.ets:195:8
 'onScroll' has been deprecated.
[39m[39m
[33mWARN: [33m[33mArkTS:WARN File: /Users/liuzheng/githubProjects/hossleep/entry/src/main/ets/components/stories/StoryHomePage.ets:266:23
 'getContext' has been deprecated.
[39m[39m
[33mWARN: [33m[33mArkTS:WARN File: /Users/liuzheng/githubProjects/hossleep/entry/src/main/ets/pay/PaymentApi.ets:73:30
 Function may throw exceptions. Special handling is required.
[39m[39m
[33mWARN: [33m[33mArkTS:WARN File: /Users/liuzheng/githubProjects/hossleep/entry/src/main/ets/components/vip/VipMembershipPage.ets:49:23
 'getContext' has been deprecated.
[39m[39m
[33mWARN: [33m[33mArkTS:WARN File: /Users/liuzheng/githubProjects/hossleep/entry/src/main/ets/components/vip/VipMembershipPage.ets:863:19
 'show' has been deprecated.
[39m[39m
[33mWARN: [33m[33mArkTS:WARN File: /Users/liuzheng/githubProjects/hossleep/entry/src/main/ets/components/vip/VipMembershipPage.ets:896:25
 'getContext' has been deprecated.
[39m[39m
[33mWARN: [33m[33mArkTS:WARN File: /Users/liuzheng/githubProjects/hossleep/entry/src/main/ets/services/AppSettings.ets:25:25
 Function may throw exceptions. Special handling is required.
[39m[39m
[33mWARN: [33m[33mArkTS:WARN File: /Users/liuzheng/githubProjects/hossleep/entry/src/main/ets/services/AppSettings.ets:26:32
 Function may throw exceptions. Special handling is required.
[39m[39m
[33mWARN: [33m[33mArkTS:WARN File: /Users/liuzheng/githubProjects/hossleep/entry/src/main/ets/services/AppSettings.ets:33:37
 Function may throw exceptions. Special handling is required.
[39m[39m
[33mWARN: [33m[33mArkTS:WARN File: /Users/liuzheng/githubProjects/hossleep/entry/src/main/ets/services/AppSettings.ets:41:32
 Function may throw exceptions. Special handling is required.
[39m[39m
[33mWARN: [33m[33mArkTS:WARN File: /Users/liuzheng/githubProjects/hossleep/entry/src/main/ets/services/AppSettings.ets:42:25
 Function may throw exceptions. Special handling is required.
[39m[39m
[33mWARN: [33m[33mArkTS:WARN File: /Users/liuzheng/githubProjects/hossleep/entry/src/main/ets/services/AppSettings.ets:43:26
 Function may throw exceptions. Special handling is required.
[39m[39m
[33mWARN: [33m[33mArkTS:WARN File: /Users/liuzheng/githubProjects/hossleep/entry/src/main/ets/services/AppSettings.ets:44:26
 Function may throw exceptions. Special handling is required.
[39m[39m
[33mWARN: [33m[33mArkTS:WARN File: /Users/liuzheng/githubProjects/hossleep/entry/src/main/ets/services/AppSettings.ets:45:29
 Function may throw exceptions. Special handling is required.
[39m[39m
[33mWARN: [33m[33mArkTS:WARN File: /Users/liuzheng/githubProjects/hossleep/entry/src/main/ets/services/AppSettings.ets:46:26
 Function may throw exceptions. Special handling is required.
[39m[39m
[33mWARN: [33m[33mArkTS:WARN File: /Users/liuzheng/githubProjects/hossleep/entry/src/main/ets/services/AppSettings.ets:49:35
 Function may throw exceptions. Special handling is required.
[39m[39m
[33mWARN: [33m[33mArkTS:WARN File: /Users/liuzheng/githubProjects/hossleep/entry/src/main/ets/services/AppSettings.ets:50:33
 Function may throw exceptions. Special handling is required.
[39m[39m
[33mWARN: [33m[33mArkTS:WARN File: /Users/liuzheng/githubProjects/hossleep/entry/src/main/ets/services/AppSettings.ets:51:36
 Function may throw exceptions. Special handling is required.
[39m[39m
[33mWARN: [33m[33mArkTS:WARN File: /Users/liuzheng/githubProjects/hossleep/entry/src/main/ets/services/AppSettings.ets:60:25
 Function may throw exceptions. Special handling is required.
[39m[39m
[33mWARN: [33m[33mArkTS:WARN File: /Users/liuzheng/githubProjects/hossleep/entry/src/main/ets/services/AppSettings.ets:61:11
 Function may throw exceptions. Special handling is required.
[39m[39m
[33mWARN: [33m[33mArkTS:WARN File: /Users/liuzheng/githubProjects/hossleep/entry/src/main/ets/services/AppSettings.ets:62:11
 Function may throw exceptions. Special handling is required.
[39m[39m
[33mWARN: [33m[33mArkTS:WARN File: /Users/liuzheng/githubProjects/hossleep/entry/src/main/ets/services/AppSettings.ets:63:11
 Function may throw exceptions. Special handling is required.
[39m[39m
[33mWARN: [33m[33mArkTS:WARN File: /Users/liuzheng/githubProjects/hossleep/entry/src/main/ets/services/AppSettings.ets:64:11
 Function may throw exceptions. Special handling is required.
[39m[39m
[33mWARN: [33m[33mArkTS:WARN File: /Users/liuzheng/githubProjects/hossleep/entry/src/main/ets/services/AppSettings.ets:68:25
 Function may throw exceptions. Special handling is required.
[39m[39m
[33mWARN: [33m[33mArkTS:WARN File: /Users/liuzheng/githubProjects/hossleep/entry/src/main/ets/services/AppSettings.ets:69:11
 Function may throw exceptions. Special handling is required.
[39m[39m
[33mWARN: [33m[33mArkTS:WARN File: /Users/liuzheng/githubProjects/hossleep/entry/src/main/ets/services/AppSettings.ets:70:11
 Function may throw exceptions. Special handling is required.
[39m[39m
[33mWARN: [33m[33mArkTS:WARN File: /Users/liuzheng/githubProjects/hossleep/entry/src/main/ets/services/AppSettings.ets:71:11
 Function may throw exceptions. Special handling is required.
[39m[39m
[33mWARN: [33m[33mArkTS:WARN File: /Users/liuzheng/githubProjects/hossleep/entry/src/main/ets/services/AppSettings.ets:75:25
 Function may throw exceptions. Special handling is required.
[39m[39m
[33mWARN: [33m[33mArkTS:WARN File: /Users/liuzheng/githubProjects/hossleep/entry/src/main/ets/services/AppSettings.ets:76:11
 Function may throw exceptions. Special handling is required.
[39m[39m
[33mWARN: [33m[33mArkTS:WARN File: /Users/liuzheng/githubProjects/hossleep/entry/src/main/ets/services/AppSettings.ets:77:11
 Function may throw exceptions. Special handling is required.
[39m[39m
[33mWARN: [33m[33mArkTS:WARN File: /Users/liuzheng/githubProjects/hossleep/entry/src/main/ets/services/AppSettings.ets:78:11
 Function may throw exceptions. Special handling is required.
[39m[39m
[33mWARN: [33m[33mArkTS:WARN File: /Users/liuzheng/githubProjects/hossleep/entry/src/main/ets/services/AppSettings.ets:79:11
 Function may throw exceptions. Special handling is required.
[39m[39m
[33mWARN: [33m[33mArkTS:WARN File: /Users/liuzheng/githubProjects/hossleep/entry/src/main/ets/services/AppSettings.ets:112:25
 Function may throw exceptions. Special handling is required.
[39m[39m
[33mWARN: [33m[33mArkTS:WARN File: /Users/liuzheng/githubProjects/hossleep/entry/src/main/ets/services/AppSettings.ets:113:11
 Function may throw exceptions. Special handling is required.
[39m[39m
[33mWARN: [33m[33mArkTS:WARN File: /Users/liuzheng/githubProjects/hossleep/entry/src/main/ets/services/AppSettings.ets:114:11
 Function may throw exceptions. Special handling is required.
[39m[39m
[33mWARN: [33m[33mArkTS:WARN File: /Users/liuzheng/githubProjects/hossleep/entry/src/main/ets/services/SleepRecorder.ets:25:32
 Function may throw exceptions. Special handling is required.
[39m[39m
[33mWARN: [33m[33mArkTS:WARN File: /Users/liuzheng/githubProjects/hossleep/entry/src/main/ets/services/SleepRecorder.ets:27:28
 Function may throw exceptions. Special handling is required.
[39m[39m
[33mWARN: [33m[33mArkTS:WARN File: /Users/liuzheng/githubProjects/hossleep/entry/src/main/ets/services/SleepRecorder.ets:41:11
 Function may throw exceptions. Special handling is required.
[39m[39m
[33mWARN: [33m[33mArkTS:WARN File: /Users/liuzheng/githubProjects/hossleep/entry/src/main/ets/services/SleepRecorder.ets:41:20
 To use this API, you need to apply for the permissions: ohos.permission.MICROPHONE
This permission is required only if audio recording is involved.
[39m[39m
[33mWARN: [33m[33mArkTS:WARN File: /Users/liuzheng/githubProjects/hossleep/entry/src/main/ets/services/SleepRecorder.ets:42:11
 Function may throw exceptions. Special handling is required.
[39m[39m
[33mWARN: [33m[33mArkTS:WARN File: /Users/liuzheng/githubProjects/hossleep/entry/src/main/ets/services/SleepRecorder.ets:49:13
 Function may throw exceptions. Special handling is required.
[39m[39m
[33mWARN: [33m[33mArkTS:WARN File: /Users/liuzheng/githubProjects/hossleep/entry/src/main/ets/services/SleepRecorder.ets:50:13
 Function may throw exceptions. Special handling is required.
[39m[39m
[33mWARN: [33m[33mArkTS:WARN File: /Users/liuzheng/githubProjects/hossleep/entry/src/main/ets/services/SleepRecorder.ets:54:7
 Function may throw exceptions. Special handling is required.
[39m[39m
[33mWARN: [33m[33mArkTS:WARN File: /Users/liuzheng/githubProjects/hossleep/entry/src/main/ets/services/SleepRecorder.ets:70:7
 Function may throw exceptions. Special handling is required.
[39m[39m
[33mWARN: [33m[33mArkTS:WARN File: /Users/liuzheng/githubProjects/hossleep/entry/src/main/ets/services/SleepRecorder.ets:82:15
 Function may throw exceptions. Special handling is required.
[39m[39m
[33mWARN: [33m[33mArkTS:WARN File: /Users/liuzheng/githubProjects/hossleep/entry/src/main/ets/services/SleepRecorder.ets:85:15
 Function may throw exceptions. Special handling is required.
[39m[39m
[33mWARN: [33m[33mArkTS:WARN File: /Users/liuzheng/githubProjects/hossleep/entry/src/main/ets/services/SleepRecorder.ets:91:18
 Function may throw exceptions. Special handling is required.
[39m[39m
[33mWARN: [33m[33mArkTS:WARN File: /Users/liuzheng/githubProjects/hossleep/entry/src/main/ets/services/SleepRecorder.ets:92:18
 Function may throw exceptions. Special handling is required.
[39m[39m
[33mWARN: [33m[33mArkTS:WARN File: /Users/liuzheng/githubProjects/hossleep/entry/src/main/ets/services/SleepRecorder.ets:93:26
 Function may throw exceptions. Special handling is required.
[39m[39m
[33mWARN: [33m[33mArkTS:WARN File: /Users/liuzheng/githubProjects/hossleep/entry/src/main/ets/services/SleepRecorder.ets:150:13
 Function may throw exceptions. Special handling is required.
[39m[39m
[33mWARN: [33m[33mArkTS:WARN File: /Users/liuzheng/githubProjects/hossleep/entry/src/main/ets/services/SleepRecorder.ets:154:7
 Function may throw exceptions. Special handling is required.
[39m[39m
[33mWARN: [33m[33mArkTS:WARN File: /Users/liuzheng/githubProjects/hossleep/entry/src/main/ets/services/StoryNotificationService.ets:82:11
 Function may throw exceptions. Special handling is required.
[39m[39m
[33mWARN: [33m[33mArkTS:WARN File: /Users/liuzheng/githubProjects/hossleep/entry/src/main/ets/services/StoryNotificationService.ets:138:12
 Function may throw exceptions. Special handling is required.
[39m[39m
[33mWARN: [33m[33mArkTS:WARN File: /Users/liuzheng/githubProjects/hossleep/entry/src/main/ets/services/StorySpeaker.ets:48:35
 Function may throw exceptions. Special handling is required.
[39m[39m
[33mWARN: [33m[33mArkTS:WARN File: /Users/liuzheng/githubProjects/hossleep/entry/src/main/ets/services/StorySpeaker.ets:67:35
 Function may throw exceptions. Special handling is required.
[39m[39m
[33mWARN: [33m[33mArkTS:WARN File: /Users/liuzheng/githubProjects/hossleep/entry/src/main/ets/services/StorySpeaker.ets:135:5
 Function may throw exceptions. Special handling is required.
[39m[39m
[33mWARN: [33m[33mArkTS:WARN File: /Users/liuzheng/githubProjects/hossleep/entry/src/main/ets/pages/Index.ets:244:28
 'showToast' has been deprecated.
[39m[39m
[33mWARN: [33m[33mArkTS:WARN File: /Users/liuzheng/githubProjects/hossleep/entry/src/main/ets/pages/Index.ets:248:28
 'showToast' has been deprecated.
[39m[39m
[33mWARN: [33m[33mArkTS:WARN File: /Users/liuzheng/githubProjects/hossleep/entry/src/main/ets/pages/Index.ets:253:28
 'showToast' has been deprecated.
[39m[39m
[33mWARN: [33m[33mArkTS:WARN File: /Users/liuzheng/githubProjects/hossleep/entry/src/main/ets/pages/Index.ets:269:30
 'showToast' has been deprecated.
[39m[39m
[33mWARN: [33m[33mArkTS:WARN File: /Users/liuzheng/githubProjects/hossleep/entry/src/main/ets/pages/Index.ets:277:28
 'showToast' has been deprecated.
[39m[39m
[33mWARN: [33m[33mArkTS:WARN File: /Users/liuzheng/githubProjects/hossleep/entry/src/main/ets/pages/Index.ets:311:30
 'showToast' has been deprecated.
[39m[39m
[33mWARN: [33m[33mArkTS:WARN File: /Users/liuzheng/githubProjects/hossleep/entry/src/main/ets/pages/Index.ets:338:28
 'showToast' has been deprecated.
[39m[39m
[33mWARN: [33m[33mArkTS:WARN File: /Users/liuzheng/githubProjects/hossleep/entry/src/main/ets/pages/Index.ets:342:28
 'showToast' has been deprecated.
[39m[39m
[33mWARN: [33m[33mArkTS:WARN File: /Users/liuzheng/githubProjects/hossleep/entry/src/main/ets/pages/Index.ets:1081:20
 'showToast' has been deprecated.
[39m[39m
[33mWARN: [33m[33mArkTS:WARN File: /Users/liuzheng/githubProjects/hossleep/entry/src/main/ets/pages/Index.ets:1152:7
 Function may throw exceptions. Special handling is required.
[39m[39m
[33mWARN: [33m[33mArkTS:WARN File: /Users/liuzheng/githubProjects/hossleep/entry/src/main/ets/pages/Index.ets:1152:20
 'showToast' has been deprecated.
[39m[39m
[33mWARN: [33m[33mArkTS:WARN File: /Users/liuzheng/githubProjects/hossleep/entry/src/main/ets/pages/Index.ets:1184:20
 'showToast' has been deprecated.
[39m[39m
[33mWARN: [33m[33mArkTS:WARN File: /Users/liuzheng/githubProjects/hossleep/entry/src/main/ets/pages/Index.ets:1189:5
 Function may throw exceptions. Special handling is required.
[39m[39m
[33mWARN: [33m[33mArkTS:WARN File: /Users/liuzheng/githubProjects/hossleep/entry/src/main/ets/pages/Index.ets:1189:18
 'showToast' has been deprecated.
[39m[39m
[33mWARN: [33m[33mArkTS:WARN File: /Users/liuzheng/githubProjects/hossleep/entry/src/main/ets/pages/Index.ets:1200:7
 Function may throw exceptions. Special handling is required.
[39m[39m
[33mWARN: [33m[33mArkTS:WARN File: /Users/liuzheng/githubProjects/hossleep/entry/src/main/ets/pages/Index.ets:1200:20
 'showToast' has been deprecated.
[39m[39m
[33mWARN: [33m[33mArkTS:WARN File: /Users/liuzheng/githubProjects/hossleep/entry/src/main/ets/pages/Index.ets:1352:9
 Function may throw exceptions. Special handling is required.
[39m[39m
[33mWARN: [33m[33mArkTS:WARN File: /Users/liuzheng/githubProjects/hossleep/entry/src/main/ets/pages/Index.ets:1352:22
 'showToast' has been deprecated.
[39m[39m
[33mWARN: [33m[33mArkTS:WARN File: /Users/liuzheng/githubProjects/hossleep/entry/src/main/ets/pages/Index.ets:1457:22
 'showToast' has been deprecated.
[39m[39m
[33mWARN: [33m[33mArkTS:WARN File: /Users/liuzheng/githubProjects/hossleep/entry/src/main/ets/pages/Index.ets:1471:7
 Function may throw exceptions. Special handling is required.
[39m[39m
[33mWARN: [33m[33mArkTS:WARN File: /Users/liuzheng/githubProjects/hossleep/entry/src/main/ets/pages/Index.ets:1542:7
 Function may throw exceptions. Special handling is required.
[39m[39m
[33mWARN: [33m[33mArkTS:WARN File: /Users/liuzheng/githubProjects/hossleep/entry/src/main/ets/pages/Index.ets:1542:20
 'showToast' has been deprecated.
[39m[39m
[33mWARN: [33m[33mArkTS:WARN File: /Users/liuzheng/githubProjects/hossleep/entry/src/main/ets/pages/Index.ets:1552:5
 Function may throw exceptions. Special handling is required.
[39m[39m
[33mWARN: [33m[33mArkTS:WARN File: /Users/liuzheng/githubProjects/hossleep/entry/src/main/ets/pages/Index.ets:1552:18
 'showToast' has been deprecated.
[39m[39m
[33mWARN: [33m[33mArkTS:WARN File: /Users/liuzheng/githubProjects/hossleep/entry/src/main/ets/pages/Index.ets:1567:12
 'getContext' has been deprecated.
[39m[39m
[33mWARN: [33m[33mArkTS:WARN File: /Users/liuzheng/githubProjects/hossleep/entry/src/main/ets/pages/Index.ets:1647:24
 'showToast' has been deprecated.
[39m[39m
[33mWARN: [33m[33mArkTS:WARN File: /Users/liuzheng/githubProjects/hossleep/entry/src/main/ets/pages/Index.ets:1652:22
 'showToast' has been deprecated.
[39m[39m
[33mWARN: [33m[33mArkTS:WARN File: /Users/liuzheng/githubProjects/hossleep/entry/src/main/ets/pages/Index.ets:1656:9
 Function may throw exceptions. Special handling is required.
[39m[39m
[33mWARN: [33m[33mArkTS:WARN File: /Users/liuzheng/githubProjects/hossleep/entry/src/main/ets/pages/Index.ets:1656:22
 'showToast' has been deprecated.
[39m[39m
[33mWARN: [33m[33mArkTS:WARN File: /Users/liuzheng/githubProjects/hossleep/entry/src/main/ets/pages/Index.ets:1666:26
 Function may throw exceptions. Special handling is required.
[39m[39m
[33mWARN: [33m[33mArkTS:WARN File: /Users/liuzheng/githubProjects/hossleep/entry/src/main/ets/pages/Index.ets:1673:22
 'showToast' has been deprecated.
[39m[39m
[33mWARN: [33m[33mArkTS:WARN File: /Users/liuzheng/githubProjects/hossleep/entry/src/main/ets/pages/Index.ets:1677:9
 Function may throw exceptions. Special handling is required.
[39m[39m
[33mWARN: [33m[33mArkTS:WARN File: /Users/liuzheng/githubProjects/hossleep/entry/src/main/ets/pages/Index.ets:1677:22
 'showToast' has been deprecated.
[39m[39m
[33mWARN: [33m[33m[39m [33mArkTS:WARN Property 'sourceMapsPath' not found in '@cashier_alipay/cashiersdk'.[39m [33m[39m[39m[39m
[33mWARN: [33m[33m[39m [33mArkTS:WARN Property 'sourceMapsPath' not found in '@umeng/analytics'.[39m [33m[39m[39m[39m
[33mWARN: [33m[33m[39m [33mArkTS:WARN Property 'sourceMapsPath' not found in '@umeng/common'.[39m [33m[39m[39m[39m
[33mWARN: [33m[33m[39m [33mArkTS:WARN Property 'sourceMapsPath' not found in '@alipay/blueshieldsdk'.[39m [33m[39m[39m[39m

[2026-07-30T09:51:05.845] [DEBUG] debug-file - Ark compile task finished.finished time is 1335292996833
[2026-07-30T09:51:05.845] [DEBUG] debug-file - worker[4] has one work done.
[2026-07-30T09:51:05.846] [DEBUG] debug-file - default@CompileArkTS work[1] done.
[2026-07-30T09:51:05.846] [INFO] debug-file - Finished :entry:default@CompileArkTS... after 3 s 662 ms 
[2026-07-30T09:51:05.847] [DEBUG] debug-file - Executing task :entry:default@GeneratePkgModuleJson
[2026-07-30T09:51:05.847] [DEBUG] debug-file - File: '/Users/liuzheng/githubProjects/hossleep/entry/build/default/intermediates/preload/default/preload.json' from 'preloadSoJsonPath' is not exists, just ignore.
[2026-07-30T09:51:05.847] [DEBUG] debug-file - Error occurs while handling @Input 'shouldDeduplicateHar': The "data" argument must be of type string or an instance of Buffer, TypedArray, or DataView. Received undefined
[2026-07-30T09:51:05.847] [DEBUG] debug-file - Task 'entry:default@GeneratePkgModuleJson' cost while wrapping incremental declarations: 1 ms 
[2026-07-30T09:51:05.847] [DEBUG] debug-file - entry : default@GeneratePkgModuleJson cost memory 0.15465545654296875
[2026-07-30T09:51:05.847] [DEBUG] debug-file - runTaskFromQueue task cost before running: 5 s 577 ms 
[2026-07-30T09:51:05.847] [INFO] debug-file - Finished :entry:default@GeneratePkgModuleJson... after 1 ms 
[2026-07-30T09:51:05.847] [DEBUG] debug-file - Executing task :entry:default@ProcessCompiledResources
[2026-07-30T09:51:05.847] [DEBUG] debug-file - File: '/Users/liuzheng/githubProjects/hossleep/entry/build/default/intermediates/preload/default/preload.json' from 'preloadSoJsonPath' is not exists, just ignore.
[2026-07-30T09:51:05.847] [DEBUG] debug-file - Task 'entry:default@ProcessCompiledResources' cost while wrapping incremental declarations: 1 ms 
[2026-07-30T09:51:05.848] [DEBUG] debug-file - entry : default@ProcessCompiledResources cost memory 0.05570220947265625
[2026-07-30T09:51:05.848] [DEBUG] debug-file - runTaskFromQueue task cost before running: 5 s 578 ms 
[2026-07-30T09:51:05.848] [INFO] debug-file - Finished :entry:default@ProcessCompiledResources... after 1 ms 
[2026-07-30T09:51:05.848] [DEBUG] debug-file - Executing task :entry:default@PackageHap
[2026-07-30T09:51:05.849] [DEBUG] debug-file - Use tool [/private/var/folders/rr/kxczvs853b3215s_zkhvslhc0000gn/T/AppTranslocation/50C923EE-F32C-45EC-9145-411BE35426DC/d/DevEco-Studio.app/Contents/sdk/default/openharmony/toolchains/lib/app_packing_tool.jar]
 [
  'java',
  '-Dfile.encoding=utf-8',
  '-jar',
  '/private/var/folders/rr/kxczvs853b3215s_zkhvslhc0000gn/T/AppTranslocation/50C923EE-F32C-45EC-9145-411BE35426DC/d/DevEco-Studio.app/Contents/sdk/default/openharmony/toolchains/lib/app_packing_tool.jar',
  '--mode',
  'hap',
  '--force',
  'true',
  '--lib-path',
  '/Users/liuzheng/githubProjects/hossleep/entry/build/default/intermediates/stripped_native_libs/default',
  '--json-path',
  '/Users/liuzheng/githubProjects/hossleep/entry/build/default/intermediates/package/default/module.json',
  '--resources-path',
  '/Users/liuzheng/githubProjects/hossleep/entry/build/default/intermediates/res/default/resources',
  '--index-path',
  '/Users/liuzheng/githubProjects/hossleep/entry/build/default/intermediates/res/default/resources.index',
  '--pack-info-path',
  '/Users/liuzheng/githubProjects/hossleep/entry/build/default/outputs/default/pack.info',
  '--out-path',
  '/Users/liuzheng/githubProjects/hossleep/entry/build/default/outputs/default/entry-default-unsigned.hap',
  '--ets-path',
  '/Users/liuzheng/githubProjects/hossleep/entry/build/default/intermediates/loader_out/default/ets',
  '--pkg-context-path',
  '/Users/liuzheng/githubProjects/hossleep/entry/build/default/intermediates/loader/default/pkgContextInfo.json'
]
[2026-07-30T09:51:05.849] [DEBUG] debug-file - default@PackageHap work[3] is submitted.
[2026-07-30T09:51:05.849] [DEBUG] debug-file - default@PackageHap work[3] is pushed to ready queue.
[2026-07-30T09:51:05.849] [DEBUG] debug-file - default@PackageHap work[3] is not dispatched.
[2026-07-30T09:51:05.850] [DEBUG] debug-file - entry : default@PackageHap cost memory 0.26485443115234375
[2026-07-30T09:51:05.946] [DEBUG] debug-file - default@PackageHap work[3] has been dispatched to worker[4].
[2026-07-30T09:51:05.950] [DEBUG] debug-file - A work dispatched to worker[9] failed because unable to get work from ready queue.
[2026-07-30T09:51:05.950] [DEBUG] debug-file - A work dispatched to worker[8] failed because unable to get work from ready queue.
[2026-07-30T09:51:05.950] [DEBUG] debug-file - A work dispatched to worker[7] failed because unable to get work from ready queue.
[2026-07-30T09:51:05.950] [DEBUG] debug-file - A work dispatched to worker[6] failed because unable to get work from ready queue.
[2026-07-30T09:51:05.950] [DEBUG] debug-file - A work dispatched to worker[5] failed because unable to get work from ready queue.
[2026-07-30T09:51:05.950] [DEBUG] debug-file - A work dispatched to worker[4] failed because of worker busy.
[2026-07-30T09:51:05.950] [DEBUG] debug-file - A work dispatched to worker[3] failed because unable to get work from ready queue.
[2026-07-30T09:51:05.950] [DEBUG] debug-file - A work dispatched to worker[2] failed because unable to get work from ready queue.
[2026-07-30T09:51:05.950] [DEBUG] debug-file - A work dispatched to worker[1] failed because unable to get work from ready queue.
[2026-07-30T09:51:05.950] [DEBUG] debug-file - A work dispatched to worker[0] failed because unable to get work from ready queue.
[2026-07-30T09:51:05.950] [DEBUG] debug-file - current process  memoryUsage: {
  rss: 998686720,
  heapTotal: 471351296,
  heapUsed: 398457384,
  external: 13525288,
  arrayBuffers: 9672767
} os memoryUsage :15.69964599609375
[2026-07-30T09:51:06.274] [DEBUG] debug-file - worker[4] has one work done.
[2026-07-30T09:51:06.274] [DEBUG] debug-file - default@PackageHap work[3] done.
[2026-07-30T09:51:06.274] [INFO] debug-file - Finished :entry:default@PackageHap... after 327 ms 
[2026-07-30T09:51:06.274] [DEBUG] debug-file - Executing task :entry:default@PackingCheck
[2026-07-30T09:51:06.290] [DEBUG] debug-file - entry : default@PackingCheck cost memory 7.279197692871094
[2026-07-30T09:51:06.290] [DEBUG] debug-file - runTaskFromQueue task cost before running: 6 s 20 ms 
[2026-07-30T09:51:06.290] [INFO] debug-file - Finished :entry:default@PackingCheck... after 16 ms 
[2026-07-30T09:51:06.291] [DEBUG] debug-file - Executing task :entry:default@SignHap
[2026-07-30T09:51:06.677] [DEBUG] debug-file - java daemon socket received message:{"code":0,"message":"verify profile success"}
[2026-07-30T09:51:06.679] [DEBUG] debug-file - java daemon socket close code:1000 reason:close by user
[2026-07-30T09:51:06.988] [DEBUG] debug-file - java daemon socket received message:{"code":0,"message":"sign app success"}
[2026-07-30T09:51:06.989] [DEBUG] debug-file - entry : default@SignHap cost memory 0.676422119140625
[2026-07-30T09:51:06.989] [DEBUG] debug-file - runTaskFromQueue task cost before running: 6 s 719 ms 
[2026-07-30T09:51:06.989] [INFO] debug-file - Finished :entry:default@SignHap... after 699 ms 
[2026-07-30T09:51:06.990] [DEBUG] debug-file - Executing task :entry:default@CollectDebugSymbol
[2026-07-30T09:51:06.990] [DEBUG] debug-file - entry : default@CollectDebugSymbol cost memory 0.0814208984375
[2026-07-30T09:51:06.990] [DEBUG] debug-file - runTaskFromQueue task cost before running: 6 s 720 ms 
[2026-07-30T09:51:06.990] [INFO] debug-file - Finished :entry:default@CollectDebugSymbol... after 1 ms 
[2026-07-30T09:51:06.990] [DEBUG] debug-file - Executing task :entry:assembleHap
[2026-07-30T09:51:06.990] [DEBUG] debug-file - entry : assembleHap cost memory 0.01274871826171875
[2026-07-30T09:51:06.990] [DEBUG] debug-file - runTaskFromQueue task cost before running: 6 s 720 ms 
[2026-07-30T09:51:06.990] [INFO] debug-file - Finished :entry:assembleHap... after 1 ms 
[2026-07-30T09:51:06.990] [INFO] debug-file - BUILD SUCCESSFUL in 6 s 720 ms 
[2026-07-30T09:51:06.991] [DEBUG] debug-file - Update task entry:default@PreBuild input file:/Users/liuzheng/githubProjects/hossleep/AppScope/app.json5 cache by regenerate.
[2026-07-30T09:51:06.991] [DEBUG] debug-file - Update task entry:default@PreBuild input file:/Users/liuzheng/githubProjects/hossleep/entry/src/main/module.json5 cache by regenerate.
[2026-07-30T09:51:06.991] [DEBUG] debug-file - Update task entry:default@PreBuild input file:/Users/liuzheng/githubProjects/hossleep/build-profile.json5 cache by regenerate.
[2026-07-30T09:51:06.991] [DEBUG] debug-file - Update task entry:default@PreBuild input file:/Users/liuzheng/githubProjects/hossleep/entry/build-profile.json5 cache by regenerate.
[2026-07-30T09:51:06.991] [DEBUG] debug-file - Update task entry:default@PreBuild input file:/Users/liuzheng/githubProjects/hossleep/entry/src/main/resources/base/profile/main_pages.json cache by regenerate.
[2026-07-30T09:51:06.991] [DEBUG] debug-file - Update task entry:default@PreBuild input file:/Users/liuzheng/githubProjects/hossleep/hvigor/hvigor-config.json5 cache by regenerate.
[2026-07-30T09:51:06.991] [DEBUG] debug-file - Update task entry:default@PreBuild input file:/Users/liuzheng/githubProjects/hossleep/entry/oh-package.json5 cache by regenerate.
[2026-07-30T09:51:06.991] [DEBUG] debug-file - Update task entry:default@PreBuild input file:/Users/liuzheng/githubProjects/hossleep/oh-package.json5 cache by regenerate.
[2026-07-30T09:51:06.991] [DEBUG] debug-file - Incremental task entry:default@PreBuild post-execution cost:1 ms .
[2026-07-30T09:51:06.991] [DEBUG] debug-file - Update task entry:default@CreateModuleInfo output file:/Users/liuzheng/githubProjects/hossleep/entry/build/default/generated/profile/default/ModuleInfo.ts cache.
[2026-07-30T09:51:06.991] [DEBUG] debug-file - Incremental task entry:default@CreateModuleInfo post-execution cost:1 ms .
[2026-07-30T09:51:06.991] [DEBUG] debug-file - Update task entry:default@GenerateMetadata input file:/Users/liuzheng/githubProjects/hossleep/entry/src/main/module.json5 cache by regenerate.
[2026-07-30T09:51:06.991] [DEBUG] debug-file - Update task entry:default@GenerateMetadata output file:/Users/liuzheng/githubProjects/hossleep/entry/build/default/intermediates/hap_metadata/default/output_metadata.json cache.
[2026-07-30T09:51:06.991] [DEBUG] debug-file - Incremental task entry:default@GenerateMetadata post-execution cost:1 ms .
[2026-07-30T09:51:06.992] [DEBUG] debug-file - Update task entry:default@MergeProfile input file:/Users/liuzheng/githubProjects/hossleep/AppScope/app.json5 cache by regenerate.
[2026-07-30T09:51:06.992] [DEBUG] debug-file - Update task entry:default@MergeProfile input file:/Users/liuzheng/githubProjects/hossleep/build-profile.json5 cache by regenerate.
[2026-07-30T09:51:06.992] [DEBUG] debug-file - Update task entry:default@MergeProfile input file:/Users/liuzheng/githubProjects/hossleep/entry/src/main/module.json5 cache by regenerate.
[2026-07-30T09:51:06.992] [DEBUG] debug-file - Update task entry:default@MergeProfile input file:/Users/liuzheng/githubProjects/hossleep/oh_modules/.ohpm/@cashier_alipay+cashiersdk@15.8.43/oh_modules/@cashier_alipay/cashiersdk/src/main/module.json cache by regenerate.
[2026-07-30T09:51:06.992] [DEBUG] debug-file - Update task entry:default@MergeProfile input file:/Users/liuzheng/githubProjects/hossleep/oh_modules/.ohpm/@umeng+analytics@1.2.12/oh_modules/@umeng/analytics/src/main/module.json cache by regenerate.
[2026-07-30T09:51:06.992] [DEBUG] debug-file - Update task entry:default@MergeProfile input file:/Users/liuzheng/githubProjects/hossleep/oh_modules/.ohpm/@umeng+common@1.1.12/oh_modules/@umeng/common/src/main/module.json cache by regenerate.
[2026-07-30T09:51:06.992] [DEBUG] debug-file - Update task entry:default@MergeProfile input file:/Users/liuzheng/githubProjects/hossleep/oh_modules/.ohpm/@taobao-ohos+utdid_sdk@ecjyoomnzz6zaipo1koz9+avemnpw7+togfp5uwrtiu=/oh_modules/@taobao-ohos/utdid_sdk/src/main/module.json cache by regenerate.
[2026-07-30T09:51:06.992] [DEBUG] debug-file - Update task entry:default@MergeProfile input file:/Users/liuzheng/githubProjects/hossleep/oh_modules/.ohpm/@alipay+blueshieldsdk@qgf9fllog8tazdv8uop120fy3saz8l+7jb55+sipesk=/oh_modules/@alipay/blueshieldsdk/src/main/module.json cache by regenerate.
[2026-07-30T09:51:06.992] [DEBUG] debug-file - Update task entry:default@MergeProfile input file:/Users/liuzheng/githubProjects/hossleep/oh_modules/.ohpm/@ohos+crypto-js@2.0.5/oh_modules/@ohos/crypto-js/src/main/module.json cache by regenerate.
[2026-07-30T09:51:06.992] [DEBUG] debug-file - Update task entry:default@MergeProfile output file:/Users/liuzheng/githubProjects/hossleep/entry/build/default/intermediates/merge_profile/default/module.json cache.
[2026-07-30T09:51:06.992] [DEBUG] debug-file - Incremental task entry:default@MergeProfile post-execution cost:1 ms .
[2026-07-30T09:51:06.992] [DEBUG] debug-file - Update task entry:default@CreateBuildProfile input file:/Users/liuzheng/githubProjects/hossleep/AppScope/app.json5 cache by regenerate.
[2026-07-30T09:51:06.992] [DEBUG] debug-file - Update task entry:default@CreateBuildProfile input file:/Users/liuzheng/githubProjects/hossleep/build-profile.json5 cache by regenerate.
[2026-07-30T09:51:06.992] [DEBUG] debug-file - Update task entry:default@CreateBuildProfile output file:/Users/liuzheng/githubProjects/hossleep/entry/build/default/generated/profile/default/BuildProfile.ets cache.
[2026-07-30T09:51:06.992] [DEBUG] debug-file - Incremental task entry:default@CreateBuildProfile post-execution cost:1 ms .
[2026-07-30T09:51:06.992] [DEBUG] debug-file - Update task entry:default@GeneratePkgContextInfo output file:/Users/liuzheng/githubProjects/hossleep/entry/build/default/intermediates/loader/default/pkgContextInfo.json cache.
[2026-07-30T09:51:06.992] [DEBUG] debug-file - Incremental task entry:default@GeneratePkgContextInfo post-execution cost:1 ms .
[2026-07-30T09:51:06.992] [DEBUG] debug-file - Update task entry:default@GeneratePkgSdkInfo output file:/Users/liuzheng/githubProjects/hossleep/entry/build/default/intermediates/loader/default/pkgSdkInfo.json cache.
[2026-07-30T09:51:06.992] [DEBUG] debug-file - Incremental task entry:default@GeneratePkgSdkInfo post-execution cost:1 ms .
[2026-07-30T09:51:06.992] [DEBUG] debug-file - Update task entry:default@ProcessIntegratedHsp output file:/Users/liuzheng/githubProjects/hossleep/build/cache/default/integrated_hsp/integratedHspCache.json cache.
[2026-07-30T09:51:06.992] [DEBUG] debug-file - Incremental task entry:default@ProcessIntegratedHsp post-execution cost:1 ms .
[2026-07-30T09:51:06.992] [DEBUG] debug-file - Update task entry:default@MakePackInfo input file:/Users/liuzheng/githubProjects/hossleep/AppScope/app.json5 cache by regenerate.
[2026-07-30T09:51:06.992] [DEBUG] debug-file - Update task entry:default@MakePackInfo input file:/Users/liuzheng/githubProjects/hossleep/entry/src/main/module.json5 cache by regenerate.
[2026-07-30T09:51:06.992] [DEBUG] debug-file - Update task entry:default@MakePackInfo input file:/Users/liuzheng/githubProjects/hossleep/build-profile.json5 cache by regenerate.
[2026-07-30T09:51:06.992] [DEBUG] debug-file - Update task entry:default@MakePackInfo output file:/Users/liuzheng/githubProjects/hossleep/entry/build/default/outputs/default/pack.info cache.
[2026-07-30T09:51:06.992] [DEBUG] debug-file - Incremental task entry:default@MakePackInfo post-execution cost:1 ms .
[2026-07-30T09:51:06.992] [DEBUG] debug-file - Update task entry:default@SyscapTransform input file:/private/var/folders/rr/kxczvs853b3215s_zkhvslhc0000gn/T/AppTranslocation/50C923EE-F32C-45EC-9145-411BE35426DC/d/DevEco-Studio.app/Contents/sdk/default/openharmony/toolchains/syscap_tool cache by regenerate.
[2026-07-30T09:51:06.992] [DEBUG] debug-file - Update task entry:default@SyscapTransform input file:/private/var/folders/rr/kxczvs853b3215s_zkhvslhc0000gn/T/AppTranslocation/50C923EE-F32C-45EC-9145-411BE35426DC/d/DevEco-Studio.app/Contents/sdk/default/openharmony/ets/api/device-define cache by regenerate.
[2026-07-30T09:51:06.992] [DEBUG] debug-file - Update task entry:default@SyscapTransform output file:/Users/liuzheng/githubProjects/hossleep/entry/build/default/intermediates/syscap/default/rpcid.sc cache.
[2026-07-30T09:51:06.993] [DEBUG] debug-file - Incremental task entry:default@SyscapTransform post-execution cost:1 ms .
[2026-07-30T09:51:06.993] [DEBUG] debug-file - Update task entry:default@ProcessProfile input file:/Users/liuzheng/githubProjects/hossleep/entry/build/default/intermediates/merge_profile/default/module.json cache by regenerate.
[2026-07-30T09:51:06.993] [DEBUG] debug-file - Update task entry:default@ProcessProfile output file:/Users/liuzheng/githubProjects/hossleep/entry/build/default/intermediates/process_profile/default/module.json cache.
[2026-07-30T09:51:06.993] [DEBUG] debug-file - Incremental task entry:default@ProcessProfile post-execution cost:1 ms .
[2026-07-30T09:51:06.993] [DEBUG] debug-file - Update task entry:default@ProcessRouterMap input file:/Users/liuzheng/githubProjects/hossleep/entry/oh-package.json5 cache by regenerate.
[2026-07-30T09:51:06.993] [DEBUG] debug-file - Update task entry:default@ProcessRouterMap input file:/Users/liuzheng/githubProjects/hossleep/oh-package.json5 cache by regenerate.
[2026-07-30T09:51:06.993] [DEBUG] debug-file - Update task entry:default@ProcessRouterMap input file:/Users/liuzheng/githubProjects/hossleep/entry/src/main/module.json5 cache by regenerate.
[2026-07-30T09:51:06.993] [DEBUG] debug-file - Update task entry:default@ProcessRouterMap input file:/Users/liuzheng/githubProjects/hossleep/entry/build/default/intermediates/loader/default/pkgContextInfo.json cache by regenerate.
[2026-07-30T09:51:06.993] [DEBUG] debug-file - Update task entry:default@ProcessRouterMap output file:/Users/liuzheng/githubProjects/hossleep/entry/build/default/intermediates/router_map/default/temp-router-map.json cache.
[2026-07-30T09:51:06.993] [DEBUG] debug-file - Update task entry:default@ProcessRouterMap output file:/Users/liuzheng/githubProjects/hossleep/entry/build/default/intermediates/router_map/default/loader-router-map.json cache.
[2026-07-30T09:51:06.993] [DEBUG] debug-file - Incremental task entry:default@ProcessRouterMap post-execution cost:1 ms .
[2026-07-30T09:51:06.993] [DEBUG] debug-file - Update task entry:default@ProcessShareConfig input file:/Users/liuzheng/githubProjects/hossleep/entry/oh-package.json5 cache by regenerate.
[2026-07-30T09:51:06.993] [DEBUG] debug-file - Update task entry:default@ProcessShareConfig input file:/Users/liuzheng/githubProjects/hossleep/oh-package.json5 cache by regenerate.
[2026-07-30T09:51:06.993] [DEBUG] debug-file - Update task entry:default@ProcessShareConfig input file:/Users/liuzheng/githubProjects/hossleep/entry/src/main/module.json5 cache by regenerate.
[2026-07-30T09:51:06.993] [DEBUG] debug-file - Update task entry:default@ProcessShareConfig input file:/Users/liuzheng/githubProjects/hossleep/entry/build/default/intermediates/loader/default/pkgContextInfo.json cache by regenerate.
[2026-07-30T09:51:06.993] [DEBUG] debug-file - Update task entry:default@ProcessShareConfig output file:/Users/liuzheng/githubProjects/hossleep/entry/build/default/intermediates/share_config/default/temp-share-config.json cache.
[2026-07-30T09:51:06.993] [DEBUG] debug-file - Incremental task entry:default@ProcessShareConfig post-execution cost:1 ms .
[2026-07-30T09:51:06.993] [DEBUG] debug-file - Update task entry:default@ProcessStartupConfig input file:/Users/liuzheng/githubProjects/hossleep/entry/build/default/intermediates/loader/default/pkgContextInfo.json cache by regenerate.
[2026-07-30T09:51:06.993] [DEBUG] debug-file - Update task entry:default@ProcessStartupConfig output file:/Users/liuzheng/githubProjects/hossleep/entry/build/default/intermediates/startup/default/startup_config.json cache.
[2026-07-30T09:51:06.993] [DEBUG] debug-file - Incremental task entry:default@ProcessStartupConfig post-execution cost:1 ms .
[2026-07-30T09:51:06.993] [DEBUG] debug-file - Update task entry:default@ProcessResource output file:/Users/liuzheng/githubProjects/hossleep/entry/build/default/intermediates/res/default/resConfig.json cache.
[2026-07-30T09:51:06.993] [DEBUG] debug-file - Update task entry:default@ProcessResource output file:/Users/liuzheng/githubProjects/hossleep/entry/build/default/intermediates/res/default/opt-compression.json cache.
[2026-07-30T09:51:06.993] [DEBUG] debug-file - Incremental task entry:default@ProcessResource post-execution cost:1 ms .
[2026-07-30T09:51:06.994] [DEBUG] debug-file - Update task entry:default@GenerateLoaderJson input file:/Users/liuzheng/githubProjects/hossleep/entry/build/default/intermediates/loader/default/pkgContextInfo.json cache by regenerate.
[2026-07-30T09:51:06.994] [DEBUG] debug-file - Update task entry:default@GenerateLoaderJson input file:/Users/liuzheng/githubProjects/hossleep/entry/build/default/intermediates/router_map/default/loader-router-map.json cache by regenerate.
[2026-07-30T09:51:06.994] [DEBUG] debug-file - Update task entry:default@GenerateLoaderJson input file:/Users/liuzheng/githubProjects/hossleep/entry/build/default/intermediates/router_map/default/temp-router-map.json cache by regenerate.
[2026-07-30T09:51:06.994] [DEBUG] debug-file - Update task entry:default@GenerateLoaderJson input file:/Users/liuzheng/githubProjects/hossleep/oh_modules/.ohpm/@cashier_alipay+cashiersdk@15.8.43/oh_modules/@cashier_alipay/cashiersdk/ets/modules.abc cache by regenerate.
[2026-07-30T09:51:06.994] [DEBUG] debug-file - Update task entry:default@GenerateLoaderJson input file:/Users/liuzheng/githubProjects/hossleep/oh_modules/.ohpm/@umeng+analytics@1.2.12/oh_modules/@umeng/analytics/ets/modules.abc cache by regenerate.
[2026-07-30T09:51:06.994] [DEBUG] debug-file - Update task entry:default@GenerateLoaderJson input file:/Users/liuzheng/githubProjects/hossleep/oh_modules/.ohpm/@umeng+common@1.1.12/oh_modules/@umeng/common/ets/modules.abc cache by regenerate.
[2026-07-30T09:51:06.994] [DEBUG] debug-file - Update task entry:default@GenerateLoaderJson input file:/Users/liuzheng/githubProjects/hossleep/oh_modules/.ohpm/@alipay+blueshieldsdk@qgf9fllog8tazdv8uop120fy3saz8l+7jb55+sipesk=/oh_modules/@alipay/blueshieldsdk/ets/modules.abc cache by regenerate.
[2026-07-30T09:51:06.994] [DEBUG] debug-file - Update task entry:default@GenerateLoaderJson input file:/Users/liuzheng/githubProjects/hossleep/oh_modules/.ohpm/@taobao-ohos+utdid_sdk@ecjyoomnzz6zaipo1koz9+avemnpw7+togfp5uwrtiu=/oh_modules/@taobao-ohos/utdid_sdk/src/main/ets/Index.ets cache by regenerate.
[2026-07-30T09:51:06.994] [DEBUG] debug-file - Update task entry:default@GenerateLoaderJson input file:/Users/liuzheng/githubProjects/hossleep/oh_modules/.ohpm/@taobao-ohos+utdid_sdk@ecjyoomnzz6zaipo1koz9+avemnpw7+togfp5uwrtiu=/oh_modules/@taobao-ohos/utdid_sdk/src/main/ets/utdid/Variables.ets cache by regenerate.
[2026-07-30T09:51:06.994] [DEBUG] debug-file - Update task entry:default@GenerateLoaderJson input file:/Users/liuzheng/githubProjects/hossleep/oh_modules/.ohpm/@taobao-ohos+utdid_sdk@ecjyoomnzz6zaipo1koz9+avemnpw7+togfp5uwrtiu=/oh_modules/@taobao-ohos/utdid_sdk/src/main/ets/utils/ByteUtils.ets cache by regenerate.
[2026-07-30T09:51:06.994] [DEBUG] debug-file - Update task entry:default@GenerateLoaderJson input file:/Users/liuzheng/githubProjects/hossleep/oh_modules/.ohpm/@taobao-ohos+utdid_sdk@ecjyoomnzz6zaipo1koz9+avemnpw7+togfp5uwrtiu=/oh_modules/@taobao-ohos/utdid_sdk/src/main/ets/utils/MD5Utils.ets cache by regenerate.
[2026-07-30T09:51:06.994] [DEBUG] debug-file - Update task entry:default@GenerateLoaderJson input file:/Users/liuzheng/githubProjects/hossleep/oh_modules/.ohpm/@taobao-ohos+utdid_sdk@ecjyoomnzz6zaipo1koz9+avemnpw7+togfp5uwrtiu=/oh_modules/@taobao-ohos/utdid_sdk/src/main/ets/utils/RC4.ets cache by regenerate.
[2026-07-30T09:51:06.994] [DEBUG] debug-file - Update task entry:default@GenerateLoaderJson input file:/Users/liuzheng/githubProjects/hossleep/oh_modules/.ohpm/@taobao-ohos+utdid_sdk@ecjyoomnzz6zaipo1koz9+avemnpw7+togfp5uwrtiu=/oh_modules/@taobao-ohos/utdid_sdk/src/main/ets/utils/StringUtils.ets cache by regenerate.
[2026-07-30T09:51:06.994] [DEBUG] debug-file - Update task entry:default@GenerateLoaderJson input file:/Users/liuzheng/githubProjects/hossleep/oh_modules/.ohpm/@taobao-ohos+utdid_sdk@ecjyoomnzz6zaipo1koz9+avemnpw7+togfp5uwrtiu=/oh_modules/@taobao-ohos/utdid_sdk/src/main/ets/utils/UtdidLogger.ets cache by regenerate.
[2026-07-30T09:51:06.994] [DEBUG] debug-file - Update task entry:default@GenerateLoaderJson input file:/Users/liuzheng/githubProjects/hossleep/oh_modules/.ohpm/@taobao-ohos+utdid_sdk@ecjyoomnzz6zaipo1koz9+avemnpw7+togfp5uwrtiu=/oh_modules/@taobao-ohos/utdid_sdk/src/main/ets/utdid/device/UTDevice.ets cache by regenerate.
[2026-07-30T09:51:06.994] [DEBUG] debug-file - Update task entry:default@GenerateLoaderJson input file:/Users/liuzheng/githubProjects/hossleep/oh_modules/.ohpm/@taobao-ohos+utdid_sdk@ecjyoomnzz6zaipo1koz9+avemnpw7+togfp5uwrtiu=/oh_modules/@taobao-ohos/utdid_sdk/src/main/ets/utdid/store/UtdidContentBuilder.ets cache by regenerate.
[2026-07-30T09:51:06.994] [DEBUG] debug-file - Update task entry:default@GenerateLoaderJson input file:/Users/liuzheng/githubProjects/hossleep/oh_modules/.ohpm/@taobao-ohos+utdid_sdk@ecjyoomnzz6zaipo1koz9+avemnpw7+togfp5uwrtiu=/oh_modules/@taobao-ohos/utdid_sdk/src/main/ets/utdid/store/UtdidContentUtil.ets cache by regenerate.
[2026-07-30T09:51:06.994] [DEBUG] debug-file - Update task entry:default@GenerateLoaderJson input file:/Users/liuzheng/githubProjects/hossleep/oh_modules/.ohpm/@taobao-ohos+utdid_sdk@ecjyoomnzz6zaipo1koz9+avemnpw7+togfp5uwrtiu=/oh_modules/@taobao-ohos/utdid_sdk/src/main/ets/utdid/upload/BizResponse.ets cache by regenerate.
[2026-07-30T09:51:06.994] [DEBUG] debug-file - Update task entry:default@GenerateLoaderJson input file:/Users/liuzheng/githubProjects/hossleep/oh_modules/.ohpm/@taobao-ohos+utdid_sdk@ecjyoomnzz6zaipo1koz9+avemnpw7+togfp5uwrtiu=/oh_modules/@taobao-ohos/utdid_sdk/src/main/ets/utdid/upload/HttpResponse.ets cache by regenerate.
[2026-07-30T09:51:06.994] [DEBUG] debug-file - Update task entry:default@GenerateLoaderJson input file:/Users/liuzheng/githubProjects/hossleep/oh_modules/.ohpm/@taobao-ohos+utdid_sdk@ecjyoomnzz6zaipo1koz9+avemnpw7+togfp5uwrtiu=/oh_modules/@taobao-ohos/utdid_sdk/src/main/ets/utdid/upload/HttpUtils.ets cache by regenerate.
[2026-07-30T09:51:06.994] [DEBUG] debug-file - Update task entry:default@GenerateLoaderJson input file:/Users/liuzheng/githubProjects/hossleep/oh_modules/.ohpm/@taobao-ohos+utdid_sdk@ecjyoomnzz6zaipo1koz9+avemnpw7+togfp5uwrtiu=/oh_modules/@taobao-ohos/utdid_sdk/src/main/ets/utdid/upload/UtdidResponse.ets cache by regenerate.
[2026-07-30T09:51:06.994] [DEBUG] debug-file - Update task entry:default@GenerateLoaderJson input file:/Users/liuzheng/githubProjects/hossleep/oh_modules/.ohpm/@taobao-ohos+utdid_sdk@ecjyoomnzz6zaipo1koz9+avemnpw7+togfp5uwrtiu=/oh_modules/@taobao-ohos/utdid_sdk/src/main/ets/utdid/upload/UtdidUploadTask.ets cache by regenerate.
[2026-07-30T09:51:06.994] [DEBUG] debug-file - Update task entry:default@GenerateLoaderJson input file:/Users/liuzheng/githubProjects/hossleep/oh_modules/.ohpm/pako@2.1.0/oh_modules/pako/dist/pako.esm.mjs cache by regenerate.
[2026-07-30T09:51:06.994] [DEBUG] debug-file - Update task entry:default@GenerateLoaderJson output file:/Users/liuzheng/githubProjects/hossleep/entry/build/default/intermediates/loader/default/loader.json cache.
[2026-07-30T09:51:06.994] [DEBUG] debug-file - Incremental task entry:default@GenerateLoaderJson post-execution cost:2 ms .
[2026-07-30T09:51:06.994] [DEBUG] debug-file - Update task entry:default@ProcessLibs input file:/Users/liuzheng/githubProjects/hossleep/oh_modules/.ohpm/@cashier_alipay+cashiersdk@15.8.43/oh_modules/@cashier_alipay/cashiersdk/libs cache by regenerate.
[2026-07-30T09:51:06.994] [DEBUG] debug-file - Update task entry:default@ProcessLibs input file:/Users/liuzheng/githubProjects/hossleep/oh_modules/.ohpm/@umeng+analytics@1.2.12/oh_modules/@umeng/analytics/libs cache by regenerate.
[2026-07-30T09:51:06.994] [DEBUG] debug-file - Update task entry:default@ProcessLibs input file:/Users/liuzheng/githubProjects/hossleep/oh_modules/.ohpm/@umeng+common@1.1.12/oh_modules/@umeng/common/libs cache by regenerate.
[2026-07-30T09:51:06.994] [DEBUG] debug-file - Update task entry:default@ProcessLibs input file:/Users/liuzheng/githubProjects/hossleep/oh_modules/.ohpm/@taobao-ohos+utdid_sdk@ecjyoomnzz6zaipo1koz9+avemnpw7+togfp5uwrtiu=/oh_modules/@taobao-ohos/utdid_sdk/libs cache by regenerate.
[2026-07-30T09:51:06.995] [DEBUG] debug-file - Update task entry:default@ProcessLibs input file:/Users/liuzheng/githubProjects/hossleep/oh_modules/.ohpm/@alipay+blueshieldsdk@qgf9fllog8tazdv8uop120fy3saz8l+7jb55+sipesk=/oh_modules/@alipay/blueshieldsdk/libs cache by regenerate.
[2026-07-30T09:51:06.995] [DEBUG] debug-file - Update task entry:default@ProcessLibs input file:/Users/liuzheng/githubProjects/hossleep/oh_modules/.ohpm/@ohos+crypto-js@2.0.5/oh_modules/@ohos/crypto-js/libs cache by regenerate.
[2026-07-30T09:51:06.995] [DEBUG] debug-file - Update task entry:default@ProcessLibs input file:/Users/liuzheng/githubProjects/hossleep/build-profile.json5 cache by regenerate.
[2026-07-30T09:51:06.995] [DEBUG] debug-file - Update task entry:default@ProcessLibs input file:/Users/liuzheng/githubProjects/hossleep/entry/build-profile.json5 cache by regenerate.
[2026-07-30T09:51:06.995] [DEBUG] debug-file - Update task entry:default@ProcessLibs output file:/Users/liuzheng/githubProjects/hossleep/entry/build/default/intermediates/libs/default cache.
[2026-07-30T09:51:06.995] [DEBUG] debug-file - Incremental task entry:default@ProcessLibs post-execution cost:1 ms .
[2026-07-30T09:51:06.995] [DEBUG] debug-file - Update task entry:default@CompileResource input file:/Users/liuzheng/githubProjects/hossleep/entry/src/main/resources cache by regenerate.
[2026-07-30T09:51:07.008] [DEBUG] debug-file - Update task entry:default@CompileResource input file:/Users/liuzheng/githubProjects/hossleep/oh_modules/.ohpm/@cashier_alipay+cashiersdk@15.8.43/oh_modules/@cashier_alipay/cashiersdk/src/main/resources cache by regenerate.
[2026-07-30T09:51:07.008] [DEBUG] debug-file - Update task entry:default@CompileResource input file:/Users/liuzheng/githubProjects/hossleep/oh_modules/.ohpm/@umeng+analytics@1.2.12/oh_modules/@umeng/analytics/src/main/resources cache by regenerate.
[2026-07-30T09:51:07.008] [DEBUG] debug-file - Update task entry:default@CompileResource input file:/Users/liuzheng/githubProjects/hossleep/oh_modules/.ohpm/@umeng+common@1.1.12/oh_modules/@umeng/common/src/main/resources cache by regenerate.
[2026-07-30T09:51:07.008] [DEBUG] debug-file - Update task entry:default@CompileResource input file:/Users/liuzheng/githubProjects/hossleep/oh_modules/.ohpm/@taobao-ohos+utdid_sdk@ecjyoomnzz6zaipo1koz9+avemnpw7+togfp5uwrtiu=/oh_modules/@taobao-ohos/utdid_sdk/src/main/resources cache by regenerate.
[2026-07-30T09:51:07.009] [DEBUG] debug-file - Update task entry:default@CompileResource input file:/Users/liuzheng/githubProjects/hossleep/oh_modules/.ohpm/@alipay+blueshieldsdk@qgf9fllog8tazdv8uop120fy3saz8l+7jb55+sipesk=/oh_modules/@alipay/blueshieldsdk/src/main/resources cache by regenerate.
[2026-07-30T09:51:07.009] [DEBUG] debug-file - Update task entry:default@CompileResource input file:/Users/liuzheng/githubProjects/hossleep/oh_modules/.ohpm/@ohos+crypto-js@2.0.5/oh_modules/@ohos/crypto-js/src/main/resources cache by regenerate.
[2026-07-30T09:51:07.009] [DEBUG] debug-file - Update task entry:default@CompileResource input file:/Users/liuzheng/githubProjects/hossleep/entry/build/default/intermediates/res/default/resource_str cache by regenerate.
[2026-07-30T09:51:07.009] [DEBUG] debug-file - Update task entry:default@CompileResource input file:/Users/liuzheng/githubProjects/hossleep/AppScope/resources cache by regenerate.
[2026-07-30T09:51:07.009] [DEBUG] debug-file - Update task entry:default@CompileResource input file:/Users/liuzheng/githubProjects/hossleep/entry/build/default/intermediates/process_profile/default/module.json cache by regenerate.
[2026-07-30T09:51:07.009] [DEBUG] debug-file - Update task entry:default@CompileResource input file:/Users/liuzheng/githubProjects/hossleep/entry/build/default/intermediates/router_map/default/temp-router-map.json cache by regenerate.
[2026-07-30T09:51:07.009] [DEBUG] debug-file - Update task entry:default@CompileResource input file:/Users/liuzheng/githubProjects/hossleep/entry/build/default/intermediates/res/default/resConfig.json cache by regenerate.
[2026-07-30T09:51:07.009] [DEBUG] debug-file - Update task entry:default@CompileResource output file:/Users/liuzheng/githubProjects/hossleep/entry/build/default/intermediates/res/default cache.
[2026-07-30T09:51:07.020] [DEBUG] debug-file - Update task entry:default@CompileResource output file:/Users/liuzheng/githubProjects/hossleep/entry/build/default/generated/r/default/ResourceTable.h cache.
[2026-07-30T09:51:07.020] [DEBUG] debug-file - Update task entry:default@CompileResource output file:/Users/liuzheng/githubProjects/hossleep/entry/build/default/generated/r/default/ResourceTable.ts cache.
[2026-07-30T09:51:07.020] [DEBUG] debug-file - Update task entry:default@CompileResource output file:/Users/liuzheng/githubProjects/hossleep/entry/build/default/generated/r/default cache.
[2026-07-30T09:51:07.021] [DEBUG] debug-file - Incremental task entry:default@CompileResource post-execution cost:26 ms .
[2026-07-30T09:51:07.021] [DEBUG] debug-file - Update task entry:default@DoNativeStrip input file:/Users/liuzheng/githubProjects/hossleep/entry/build/default/intermediates/libs/default cache by regenerate.
[2026-07-30T09:51:07.021] [DEBUG] debug-file - Update task entry:default@DoNativeStrip output file:/Users/liuzheng/githubProjects/hossleep/entry/build/default/intermediates/stripped_native_libs/default cache.
[2026-07-30T09:51:07.021] [DEBUG] debug-file - Incremental task entry:default@DoNativeStrip post-execution cost:1 ms .
[2026-07-30T09:51:07.021] [DEBUG] debug-file - Update task entry:default@CompileArkTS input file:/Users/liuzheng/githubProjects/hossleep/entry/build/default/intermediates/loader/default cache by regenerate.
[2026-07-30T09:51:07.021] [DEBUG] debug-file - Update task entry:default@CompileArkTS input file:/Users/liuzheng/githubProjects/hossleep/oh_modules/.ohpm/@taobao-ohos+utdid_sdk@ecjyoomnzz6zaipo1koz9+avemnpw7+togfp5uwrtiu=/oh_modules/@taobao-ohos/utdid_sdk/src/main/ets/Index.ets cache by regenerate.
[2026-07-30T09:51:07.021] [DEBUG] debug-file - Update task entry:default@CompileArkTS input file:/Users/liuzheng/githubProjects/hossleep/oh_modules/.ohpm/@ohos+crypto-js@2.0.5/oh_modules/@ohos/crypto-js/index.ts cache by regenerate.
[2026-07-30T09:51:07.021] [DEBUG] debug-file - Update task entry:default@CompileArkTS input file:/Users/liuzheng/githubProjects/hossleep/oh_modules/.ohpm/@cashier_alipay+cashiersdk@15.8.43/oh_modules/@cashier_alipay/cashiersdk/src/main/ets cache by regenerate.
[2026-07-30T09:51:07.022] [DEBUG] debug-file - Update task entry:default@CompileArkTS input file:/Users/liuzheng/githubProjects/hossleep/oh_modules/.ohpm/@taobao-ohos+utdid_sdk@ecjyoomnzz6zaipo1koz9+avemnpw7+togfp5uwrtiu=/oh_modules/@taobao-ohos/utdid_sdk/src/main/ets cache by regenerate.
[2026-07-30T09:51:07.022] [DEBUG] debug-file - Update task entry:default@CompileArkTS input file:/Users/liuzheng/githubProjects/hossleep/oh_modules/.ohpm/@alipay+blueshieldsdk@qgf9fllog8tazdv8uop120fy3saz8l+7jb55+sipesk=/oh_modules/@alipay/blueshieldsdk/src/main/ets cache by regenerate.
[2026-07-30T09:51:07.025] [DEBUG] debug-file - Update task entry:default@CompileArkTS input file:/Users/liuzheng/githubProjects/hossleep/entry/build/default/intermediates/res/default/resources/rawfile cache by regenerate.
[2026-07-30T09:51:07.036] [DEBUG] debug-file - Update task entry:default@CompileArkTS input file:/Users/liuzheng/githubProjects/hossleep/entry/build/default/intermediates/res/default/ResourceTable.txt cache by regenerate.
[2026-07-30T09:51:07.036] [DEBUG] debug-file - Update task entry:default@CompileArkTS input file:/Users/liuzheng/githubProjects/hossleep/entry/build/default/intermediates/res/default/ark_module.json cache by regenerate.
[2026-07-30T09:51:07.036] [DEBUG] debug-file - Update task entry:default@CompileArkTS input file:/Users/liuzheng/githubProjects/hossleep/entry/build/default/intermediates/res/default/resources/base/profile cache by regenerate.
[2026-07-30T09:51:07.036] [DEBUG] debug-file - Update task entry:default@CompileArkTS input file:/Users/liuzheng/githubProjects/hossleep/entry/src/main/ets cache by regenerate.
[2026-07-30T09:51:07.037] [DEBUG] debug-file - Update task entry:default@CompileArkTS input file:/Users/liuzheng/githubProjects/hossleep/entry/build/default/intermediates/loader/default/pkgContextInfo.json cache by regenerate.
[2026-07-30T09:51:07.037] [DEBUG] debug-file - Update task entry:default@CompileArkTS input file:/Users/liuzheng/githubProjects/hossleep/entry/build/default/generated/profile/default/BuildProfile.ets cache by regenerate.
[2026-07-30T09:51:07.037] [DEBUG] debug-file - Update task entry:default@CompileArkTS output file:/Users/liuzheng/githubProjects/hossleep/entry/build/default/intermediates/loader_out/default/ets cache.
[2026-07-30T09:51:07.037] [DEBUG] debug-file - Incremental task entry:default@CompileArkTS post-execution cost:17 ms .
[2026-07-30T09:51:07.037] [DEBUG] debug-file - Update task entry:default@BuildJS input file:/Users/liuzheng/githubProjects/hossleep/entry/build/default/intermediates/loader/default cache by regenerate.
[2026-07-30T09:51:07.037] [DEBUG] debug-file - Update task entry:default@BuildJS input file:/Users/liuzheng/githubProjects/hossleep/oh_modules/.ohpm/@taobao-ohos+utdid_sdk@ecjyoomnzz6zaipo1koz9+avemnpw7+togfp5uwrtiu=/oh_modules/@taobao-ohos/utdid_sdk/src/main/ets/Index.ets cache by regenerate.
[2026-07-30T09:51:07.037] [DEBUG] debug-file - Update task entry:default@BuildJS input file:/Users/liuzheng/githubProjects/hossleep/oh_modules/.ohpm/@ohos+crypto-js@2.0.5/oh_modules/@ohos/crypto-js/index.ts cache by regenerate.
[2026-07-30T09:51:07.037] [DEBUG] debug-file - Update task entry:default@BuildJS input file:/Users/liuzheng/githubProjects/hossleep/oh_modules/.ohpm/@ohos+crypto-js@2.0.5/oh_modules/@ohos/crypto-js/src/main/js cache by regenerate.
[2026-07-30T09:51:07.037] [DEBUG] debug-file - Update task entry:default@BuildJS input file:/Users/liuzheng/githubProjects/hossleep/entry/build/default/intermediates/res/default/resources/rawfile cache by regenerate.
[2026-07-30T09:51:07.047] [DEBUG] debug-file - Update task entry:default@BuildJS input file:/Users/liuzheng/githubProjects/hossleep/entry/build/default/intermediates/res/default/ResourceTable.txt cache by regenerate.
[2026-07-30T09:51:07.047] [DEBUG] debug-file - Update task entry:default@BuildJS input file:/Users/liuzheng/githubProjects/hossleep/entry/build/default/intermediates/res/default/ark_module.json cache by regenerate.
[2026-07-30T09:51:07.047] [DEBUG] debug-file - Update task entry:default@BuildJS input file:/Users/liuzheng/githubProjects/hossleep/entry/build/default/intermediates/res/default/resources/base/profile cache by regenerate.
[2026-07-30T09:51:07.047] [DEBUG] debug-file - Update task entry:default@BuildJS input file:/Users/liuzheng/githubProjects/hossleep/entry/build/default/intermediates/loader/default/pkgContextInfo.json cache by regenerate.
[2026-07-30T09:51:07.047] [DEBUG] debug-file - Update task entry:default@BuildJS output file:/Users/liuzheng/githubProjects/hossleep/entry/build/default/intermediates/loader_out/default/js cache.
[2026-07-30T09:51:07.047] [DEBUG] debug-file - Incremental task entry:default@BuildJS post-execution cost:10 ms .
[2026-07-30T09:51:07.047] [DEBUG] debug-file - Update task entry:default@CacheNativeLibs input file:/Users/liuzheng/githubProjects/hossleep/entry/build/default/intermediates/stripped_native_libs/default cache by regenerate.
[2026-07-30T09:51:07.047] [DEBUG] debug-file - Update task entry:default@CacheNativeLibs input file:/Users/liuzheng/githubProjects/hossleep/entry/build/default/intermediates/libs/default cache by regenerate.
[2026-07-30T09:51:07.047] [DEBUG] debug-file - Update task entry:default@CacheNativeLibs output file:/Users/liuzheng/githubProjects/hossleep/entry/build/default/intermediates/patch/default/base_native_libs.json cache.
[2026-07-30T09:51:07.047] [DEBUG] debug-file - Update task entry:default@CacheNativeLibs output file:/Users/liuzheng/githubProjects/hossleep/entry/build/default/intermediates/patch/default/binxo_native_libs.json cache.
[2026-07-30T09:51:07.047] [DEBUG] debug-file - Incremental task entry:default@CacheNativeLibs post-execution cost:1 ms .
[2026-07-30T09:51:07.047] [DEBUG] debug-file - Update task entry:default@GeneratePkgModuleJson input file:/Users/liuzheng/githubProjects/hossleep/entry/build/default/intermediates/res/default/module.json cache by regenerate.
[2026-07-30T09:51:07.047] [DEBUG] debug-file - Update task entry:default@GeneratePkgModuleJson output file:/Users/liuzheng/githubProjects/hossleep/entry/build/default/intermediates/package/default/module.json cache.
[2026-07-30T09:51:07.047] [DEBUG] debug-file - Incremental task entry:default@GeneratePkgModuleJson post-execution cost:1 ms .
[2026-07-30T09:51:07.047] [DEBUG] debug-file - Incremental task entry:default@ProcessCompiledResources post-execution cost:1 ms .
[2026-07-30T09:51:07.047] [DEBUG] debug-file - Update task entry:default@PackageHap input file:/Users/liuzheng/githubProjects/hossleep/entry/build/default/intermediates/stripped_native_libs/default cache by regenerate.
[2026-07-30T09:51:07.047] [DEBUG] debug-file - Update task entry:default@PackageHap input file:/Users/liuzheng/githubProjects/hossleep/entry/build/default/intermediates/res/default/module.json cache by regenerate.
[2026-07-30T09:51:07.047] [DEBUG] debug-file - Update task entry:default@PackageHap input file:/Users/liuzheng/githubProjects/hossleep/entry/build/default/intermediates/res/default/resources cache by regenerate.
[2026-07-30T09:51:07.058] [DEBUG] debug-file - Update task entry:default@PackageHap input file:/Users/liuzheng/githubProjects/hossleep/entry/build/default/intermediates/res/default/resources.index cache by regenerate.
[2026-07-30T09:51:07.058] [DEBUG] debug-file - Update task entry:default@PackageHap input file:/Users/liuzheng/githubProjects/hossleep/entry/build/default/outputs/default/pack.info cache by regenerate.
[2026-07-30T09:51:07.058] [DEBUG] debug-file - Update task entry:default@PackageHap input file:/Users/liuzheng/githubProjects/hossleep/entry/build/default/intermediates/loader_out/default/ets cache by regenerate.
[2026-07-30T09:51:07.058] [DEBUG] debug-file - Update task entry:default@PackageHap input file:/Users/liuzheng/githubProjects/hossleep/entry/build/default/intermediates/loader/default/pkgContextInfo.json cache by regenerate.
[2026-07-30T09:51:07.058] [DEBUG] debug-file - Update task entry:default@PackageHap input file:/Users/liuzheng/githubProjects/hossleep/entry/build/default/intermediates/loader_out/default/ets/sourceMaps.map cache by regenerate.
[2026-07-30T09:51:07.058] [DEBUG] debug-file - Update task entry:default@PackageHap input file:/Users/liuzheng/githubProjects/hossleep/entry/build/default/generated/profile/default/BuildProfile.ets cache by regenerate.
[2026-07-30T09:51:07.058] [DEBUG] debug-file - Update task entry:default@PackageHap output file:/Users/liuzheng/githubProjects/hossleep/entry/build/default/outputs/default/entry-default-unsigned.hap cache.
[2026-07-30T09:51:07.058] [DEBUG] debug-file - Update task entry:default@PackageHap output file:/Users/liuzheng/githubProjects/hossleep/entry/build/default/intermediates/source_map/default/sourceMaps.map cache.
[2026-07-30T09:51:07.058] [DEBUG] debug-file - Update task entry:default@PackageHap output file:/Users/liuzheng/githubProjects/hossleep/entry/build/default/outputs/default/mapping/sourceMaps.map cache.
[2026-07-30T09:51:07.058] [DEBUG] debug-file - Incremental task entry:default@PackageHap post-execution cost:11 ms .
[2026-07-30T09:51:07.058] [DEBUG] debug-file - Update task entry:default@SignHap input file:/Users/liuzheng/.ohos/config/default_hossleep_deFB7x3dFxqwLO1E1BecJ1aXzuP6Y6iZCw7x2orXCbU=.cer cache by regenerate.
[2026-07-30T09:51:07.058] [DEBUG] debug-file - Update task entry:default@SignHap input file:/Users/liuzheng/.ohos/config/default_hossleep_deFB7x3dFxqwLO1E1BecJ1aXzuP6Y6iZCw7x2orXCbU=.p7b cache by regenerate.
[2026-07-30T09:51:07.058] [DEBUG] debug-file - Update task entry:default@SignHap input file:/Users/liuzheng/.ohos/config/default_hossleep_deFB7x3dFxqwLO1E1BecJ1aXzuP6Y6iZCw7x2orXCbU=.p12 cache by regenerate.
[2026-07-30T09:51:07.058] [DEBUG] debug-file - Update task entry:default@SignHap input file:/Users/liuzheng/githubProjects/hossleep/entry/build/default/outputs/default/entry-default-unsigned.hap cache by regenerate.
[2026-07-30T09:51:07.058] [DEBUG] debug-file - Update task entry:default@SignHap output file:/Users/liuzheng/githubProjects/hossleep/entry/build/default/outputs/default/entry-default-signed.hap cache.
[2026-07-30T09:51:07.058] [DEBUG] debug-file - Incremental task entry:default@SignHap post-execution cost:1 ms .
[2026-07-30T09:51:07.058] [DEBUG] debug-file - Update task entry:default@CollectDebugSymbol input file:/Users/liuzheng/githubProjects/hossleep/entry/build/default/intermediates/loader_out/default/ets/sourceMaps.map cache by regenerate.
[2026-07-30T09:51:07.058] [DEBUG] debug-file - Update task entry:default@CollectDebugSymbol input file:/Users/liuzheng/githubProjects/hossleep/entry/build/default/intermediates/libs/default cache by regenerate.
[2026-07-30T09:51:07.058] [DEBUG] debug-file - Update task entry:default@CollectDebugSymbol output file:/Users/liuzheng/githubProjects/hossleep/entry/build/default/outputs/default/symbol cache.
[2026-07-30T09:51:07.058] [DEBUG] debug-file - Incremental task entry:default@CollectDebugSymbol post-execution cost:1 ms .
[2026-07-30T09:51:07.068] [DEBUG] debug-file - Cleanup worker 0.
[2026-07-30T09:51:07.068] [DEBUG] debug-file - Worker 0 has been cleaned up.
[2026-07-30T09:51:07.068] [DEBUG] debug-file - Current idle worker size: 3.
[2026-07-30T09:51:07.068] [DEBUG] debug-file - Current resident worker size: 4.
[2026-07-30T09:51:07.068] [DEBUG] debug-file - Cleanup worker 1.
[2026-07-30T09:51:07.068] [DEBUG] debug-file - Worker 1 has been cleaned up.
[2026-07-30T09:51:07.068] [DEBUG] debug-file - Current idle worker size: 2.
[2026-07-30T09:51:07.068] [DEBUG] debug-file - Current resident worker size: 4.
[2026-07-30T09:51:07.068] [DEBUG] debug-file - Cleanup worker 8.
[2026-07-30T09:51:07.068] [DEBUG] debug-file - Worker 8 has been cleaned up.
[2026-07-30T09:51:07.068] [DEBUG] debug-file - Current idle worker size: 1.
[2026-07-30T09:51:07.068] [DEBUG] debug-file - Current resident worker size: 4.
[2026-07-30T09:51:07.069] [DEBUG] debug-file - hvigor build process will be closed.
[2026-07-30T09:51:07.069] [DEBUG] debug-file - java daemon socket close code:1000 reason:close by user
[2026-07-30T09:51:07.070] [DEBUG] debug-file - session manager: send message to worker process.
[2026-07-30T09:51:07.070] [DEBUG] debug-file - session manager: send message to worker process.
[2026-07-30T09:51:07.070] [DEBUG] debug-file - watch worker: worker id should be larger than 0. Nothing will be sent to any worker thread.
[2026-07-30T09:51:07.071] [DEBUG] debug-file - worker[0] exits with exit code 1.
[2026-07-30T09:51:07.071] [DEBUG] debug-file - watch worker: worker id should be larger than 0. Nothing will be sent to any worker thread.
[2026-07-30T09:51:07.071] [DEBUG] debug-file - worker[1] exits with exit code 1.
[2026-07-30T09:51:07.072] [DEBUG] debug-file - worker[8] exits with exit code 1.
[2026-07-30T16:16:00.072] [DEBUG] debug-file - env: nodejsVersion=v18.20.1
[2026-07-30T16:16:00.079] [DEBUG] debug-file - env: daemon=true
[2026-07-30T16:16:00.072] [DEBUG] debug-file - env: hvigor-config.json5 content = {
  modelVersion: '6.0.0',
  dependencies: {},
  execution: {},
  logging: {},
  debugging: {},
  nodeOptions: {}
}
[2026-07-30T16:16:00.246] [DEBUG] debug-file - hvigor java daemon: Starting java daemon. jvmXmxValue=512m, jarPath=/private/var/folders/rr/kxczvs853b3215s_zkhvslhc0000gn/T/AppTranslocation/100BAA01-6334-4B53-805F-F46EA5FE6793/d/DevEco-Studio.app/Contents/tools/hvigor/hvigor/lib/hvigor-java-daemon.jar
[2026-07-30T16:16:00.247] [DEBUG] debug-file - hvigor java daemon: Read cache file, 
    port=45050, pid=1395, sessionId exists=true
[2026-07-30T16:16:00.247] [DEBUG] debug-file - hvigor java daemon: Killing existing java daemon by pid=1395
[2026-07-30T16:16:00.258] [DEBUG] debug-file - hvigor java daemon: tryConnect failed, Error: connect ECONNREFUSED 127.0.0.1:45050, will start new daemon
[2026-07-30T16:16:00.263] [DEBUG] debug-file - java daemon started at port 45050 pid 3092
[2026-07-30T16:16:00.270] [DEBUG] debug-file - session manager: set active socket. socketId=6-dzHoWhaggesGfFAAAB
[2026-07-30T16:16:00.460] [DEBUG] debug-file - watch worker: worker id should be larger than 0. Nothing will be sent to any worker thread.
[2026-07-30T16:16:00.461] [DEBUG] debug-file - Since there is no instance or instance is terminated, create a new worker pool.
[2026-07-30T16:16:00.461] [DEBUG] debug-file - Worker pool is initialized with config:  {
  minPoolNum: 2,
  maxPoolNum: undefined,
  maxCoreSize: undefined,
  cacheCapacity: undefined,
  cacheTtl: undefined
}
[2026-07-30T16:16:00.461] [DEBUG] debug-file - Create  resident worker with id: 0.
[2026-07-30T16:16:00.462] [DEBUG] debug-file - Create  resident worker with id: 1.
[2026-07-30T16:16:00.463] [DEBUG] debug-file - Workers' log level updated to INFO
[2026-07-30T16:16:00.466] [DEBUG] debug-file - Hvigor init with startParameters:{
  hvigorfileTypeCheck: false,
  parallelExecution: true,
  incrementalExecution: true,
  printStackTrace: false,
  daemon: true,
  analyze: 0,
  logLevel: Level { level: 20000, levelStr: 'INFO', colour: 'green' },
  optimizationStrategy: 'memory',
  hotCompile: undefined,
  hotReloadBuild: undefined,
  customizedParam: undefined
}
[2026-07-30T16:16:00.475] [DEBUG] debug-file - Cache service initialization finished in 9 ms 
[2026-07-30T16:16:00.475] [DEBUG] debug-file - hvigorfile, resolving /Users/liuzheng/githubProjects/hossleep/hvigorfile.ts
[2026-07-30T16:16:01.385] [DEBUG] debug-file - hvigorfile, require result:  { default: { plugins: [] } }
[2026-07-30T16:16:01.386] [DEBUG] debug-file - hvigorfile, binding system plugins null
[2026-07-30T16:16:01.386] [DEBUG] debug-file - Starting plugin build process
[2026-07-30T16:16:01.386] [DEBUG] debug-file - App plugin prepare start...
[2026-07-30T16:16:01.386] [DEBUG] debug-file - App plugin prepare end...
[2026-07-30T16:16:01.386] [DEBUG] debug-file - App plugin creating...
[2026-07-30T16:16:01.462] [DEBUG] debug-file - App plugin register hook start...
[2026-07-30T16:16:01.462] [DEBUG] debug-file - App plugin register hook end...
[2026-07-30T16:16:01.462] [DEBUG] debug-file - Plugin build process completed
[2026-07-30T16:16:01.462] [DEBUG] debug-file - Start initialize project's product build option map with build mode debug.
[2026-07-30T16:16:01.462] [DEBUG] debug-file - Picking option from product 'default' with build mode 'debug'.
[2026-07-30T16:16:01.462] [DEBUG] debug-file - Product 'default' build option initialized
[2026-07-30T16:16:01.462] [DEBUG] debug-file - Picking option from product 'release' with build mode 'debug'.
[2026-07-30T16:16:01.462] [DEBUG] debug-file - Product 'release' build option initialized
[2026-07-30T16:16:01.462] [DEBUG] debug-file - End initialize project's product build option map with build mode 'debug'.
[2026-07-30T16:16:01.463] [DEBUG] debug-file - Obtain build option for product 'default'in this build.
[2026-07-30T16:16:01.464] [DEBUG] debug-file - /Users/liuzheng/githubProjects/hossleep/build/cache/default/remote_hsp/remoteHspCache.json not exists.
[2026-07-30T16:16:01.464] [DEBUG] debug-file - Local scan or download HarmonyOS sdk components toolchains,ets,js,native,previewer
[2026-07-30T16:16:01.465] [DEBUG] debug-file - Local scan or download hmscore sdk components toolchains,ets,native
[2026-07-30T16:16:01.466] [DEBUG] debug-file - Start recording SDK configuration permission data.
[2026-07-30T16:16:01.480] [DEBUG] debug-file - Sdk init in 17 ms 
[2026-07-30T16:16:01.482] [DEBUG] debug-file - Project task initialization takes 2 ms 
[2026-07-30T16:16:01.482] [DEBUG] debug-file - hvigorfile, begin to bind custom plugins...
[2026-07-30T16:16:01.482] [DEBUG] debug-file - hvigorfile, no custom plugins were found in /Users/liuzheng/githubProjects/hossleep/hvigorfile.ts
[2026-07-30T16:16:01.482] [DEBUG] debug-file - hvigorfile, resolve finished /Users/liuzheng/githubProjects/hossleep/hvigorfile.ts
[2026-07-30T16:16:01.483] [DEBUG] debug-file - hvigorfile, resolving /Users/liuzheng/githubProjects/hossleep/entry/hvigorfile.ts
[2026-07-30T16:16:01.485] [DEBUG] debug-file - hvigorfile, require result:  { default: { plugins: [] } }
[2026-07-30T16:16:01.486] [DEBUG] debug-file - hvigorfile, binding system plugins null
[2026-07-30T16:16:01.486] [DEBUG] debug-file - Starting plugin build process
[2026-07-30T16:16:01.486] [DEBUG] debug-file - Hap plugin creating...
[2026-07-30T16:16:01.486] [DEBUG] debug-file - failed to load cangjie to dynamically generate schemas: Error: Cannot find module '@ohos/cangjie-build-support/index'
Require stack:
- /private/var/folders/rr/kxczvs853b3215s_zkhvslhc0000gn/T/AppTranslocation/100BAA01-6334-4B53-805F-F46EA5FE6793/d/DevEco-Studio.app/Contents/tools/hvigor/hvigor-ohos-plugin/src/plugin/hooks/cangjie-register.js
- /private/var/folders/rr/kxczvs853b3215s_zkhvslhc0000gn/T/AppTranslocation/100BAA01-6334-4B53-805F-F46EA5FE6793/d/DevEco-Studio.app/Contents/tools/hvigor/hvigor-ohos-plugin/src/plugin/strategy/stage-init-strategy.js
- /private/var/folders/rr/kxczvs853b3215s_zkhvslhc0000gn/T/AppTranslocation/100BAA01-6334-4B53-805F-F46EA5FE6793/d/DevEco-Studio.app/Contents/tools/hvigor/hvigor-ohos-plugin/src/plugin/builder/abstract-plugin-builder.js
- /private/var/folders/rr/kxczvs853b3215s_zkhvslhc0000gn/T/AppTranslocation/100BAA01-6334-4B53-805F-F46EA5FE6793/d/DevEco-Studio.app/Contents/tools/hvigor/hvigor-ohos-plugin/src/plugin/builder/app-plugin-builder.js
- /private/var/folders/rr/kxczvs853b3215s_zkhvslhc0000gn/T/AppTranslocation/100BAA01-6334-4B53-805F-F46EA5FE6793/d/DevEco-Studio.app/Contents/tools/hvigor/hvigor-ohos-plugin/src/plugin/factory/plugin-factory.js
- /private/var/folders/rr/kxczvs853b3215s_zkhvslhc0000gn/T/AppTranslocation/100BAA01-6334-4B53-805F-F46EA5FE6793/d/DevEco-Studio.app/Contents/tools/hvigor/hvigor-ohos-plugin/index.js
- /Users/liuzheng/githubProjects/hossleep/hvigorfile.ts
- /private/var/folders/rr/kxczvs853b3215s_zkhvslhc0000gn/T/AppTranslocation/100BAA01-6334-4B53-805F-F46EA5FE6793/d/DevEco-Studio.app/Contents/tools/hvigor/hvigor/src/base/internal/lifecycle/configuration.js
- /private/var/folders/rr/kxczvs853b3215s_zkhvslhc0000gn/T/AppTranslocation/100BAA01-6334-4B53-805F-F46EA5FE6793/d/DevEco-Studio.app/Contents/tools/hvigor/hvigor/src/base/boot/index.js
- /private/var/folders/rr/kxczvs853b3215s_zkhvslhc0000gn/T/AppTranslocation/100BAA01-6334-4B53-805F-F46EA5FE6793/d/DevEco-Studio.app/Contents/tools/hvigor/hvigor/src/base/daemon/cluster/worker-process-lifecycle.js
- /private/var/folders/rr/kxczvs853b3215s_zkhvslhc0000gn/T/AppTranslocation/100BAA01-6334-4B53-805F-F46EA5FE6793/d/DevEco-Studio.app/Contents/tools/hvigor/hvigor/src/base/daemon/process/daemon-process-boot-script.js
[2026-07-30T16:16:01.490] [DEBUG] debug-file - Start initialize module-target build option map, moduleName=entry, buildMode=debug
[2026-07-30T16:16:01.491] [DEBUG] debug-file - Target 'default' config initialized
[2026-07-30T16:16:01.491] [DEBUG] debug-file - Module 'entry' target 'default' build option initialized
[2026-07-30T16:16:01.491] [DEBUG] debug-file - End initialize module-target build option map, moduleName=entry
[2026-07-30T16:16:01.491] [DEBUG] debug-file - Start initialize module-target build option map, moduleName=entry, buildMode=release
[2026-07-30T16:16:01.491] [DEBUG] debug-file - Target 'default' config initialized
[2026-07-30T16:16:01.491] [DEBUG] debug-file - Module 'entry' target 'default' build option initialized
[2026-07-30T16:16:01.491] [DEBUG] debug-file - End initialize module-target build option map, moduleName=entry
[2026-07-30T16:16:01.491] [DEBUG] debug-file - Start initialize module-target build option map, moduleName=entry, buildMode=debug
[2026-07-30T16:16:01.491] [DEBUG] debug-file - Target 'default' config initialized
[2026-07-30T16:16:01.491] [DEBUG] debug-file - Module 'entry' target 'default' build option initialized
[2026-07-30T16:16:01.491] [DEBUG] debug-file - End initialize module-target build option map, moduleName=entry
[2026-07-30T16:16:01.491] [DEBUG] debug-file - Start initialize module-target build option map, moduleName=entry, buildMode=release
[2026-07-30T16:16:01.491] [DEBUG] debug-file - Target 'default' config initialized
[2026-07-30T16:16:01.491] [DEBUG] debug-file - Module 'entry' target 'default' build option initialized
[2026-07-30T16:16:01.491] [DEBUG] debug-file - End initialize module-target build option map, moduleName=entry
[2026-07-30T16:16:01.491] [DEBUG] debug-file - Start initialize module-target build option map, moduleName=entry, buildMode=debug
[2026-07-30T16:16:01.491] [DEBUG] debug-file - Target 'default' config initialized
[2026-07-30T16:16:01.491] [DEBUG] debug-file - Module 'entry' target 'default' build option initialized
[2026-07-30T16:16:01.491] [DEBUG] debug-file - End initialize module-target build option map, moduleName=entry
[2026-07-30T16:16:01.491] [DEBUG] debug-file - Obtain build option for module 'entry' target 'default'in this build.
[2026-07-30T16:16:01.493] [DEBUG] debug-file - Module entry task initialization takes 2 ms 
[2026-07-30T16:16:01.493] [DEBUG] debug-file - Hap plugin register hook start...
[2026-07-30T16:16:01.493] [DEBUG] debug-file - Hap plugin register hook end...
[2026-07-30T16:16:01.493] [DEBUG] debug-file - Plugin build process completed
[2026-07-30T16:16:01.493] [DEBUG] debug-file - hvigorfile, begin to bind custom plugins...
[2026-07-30T16:16:01.493] [DEBUG] debug-file - hvigorfile, no custom plugins were found in /Users/liuzheng/githubProjects/hossleep/entry/hvigorfile.ts
[2026-07-30T16:16:01.493] [DEBUG] debug-file - hvigorfile, resolve finished /Users/liuzheng/githubProjects/hossleep/entry/hvigorfile.ts
[2026-07-30T16:16:01.530] [DEBUG] debug-file - hvigorfile, resolve hvigorfile dependencies in 36 ms 
[2026-07-30T16:16:01.530] [DEBUG] debug-file - project has submodules:entry
[2026-07-30T16:16:01.530] [DEBUG] debug-file - start to load updatedOhPackageInfo to the disk
[2026-07-30T16:16:01.531] [DEBUG] debug-file - load to the disk finished
[2026-07-30T16:16:01.531] [DEBUG] debug-file - Start to initialize dependency information.
[2026-07-30T16:16:01.532] [DEBUG] debug-file - Module hossleep Collected Dependency: 
[2026-07-30T16:16:01.532] [DEBUG] debug-file - Module hossleep's total dependency: 0
[2026-07-30T16:16:01.532] [DEBUG] debug-file - Start to initialize dependency information.
[2026-07-30T16:16:01.542] [DEBUG] debug-file - Module entry Collected Dependency: /Users/liuzheng/githubProjects/hossleep/oh_modules/.ohpm/@cashier_alipay+cashiersdk@15.8.43/oh_modules/@cashier_alipay/cashiersdk,/Users/liuzheng/githubProjects/hossleep/oh_modules/.ohpm/@umeng+analytics@1.2.12/oh_modules/@umeng/analytics,/Users/liuzheng/githubProjects/hossleep/oh_modules/.ohpm/@umeng+common@1.1.12/oh_modules/@umeng/common,/Users/liuzheng/githubProjects/hossleep/oh_modules/.ohpm/@taobao-ohos+utdid_sdk@ecjyoomnzz6zaipo1koz9+avemnpw7+togfp5uwrtiu=/oh_modules/@taobao-ohos/utdid_sdk,/Users/liuzheng/githubProjects/hossleep/oh_modules/.ohpm/@alipay+blueshieldsdk@qgf9fllog8tazdv8uop120fy3saz8l+7jb55+sipesk=/oh_modules/@alipay/blueshieldsdk,/Users/liuzheng/githubProjects/hossleep/oh_modules/.ohpm/pako@2.1.0/oh_modules/pako,/Users/liuzheng/githubProjects/hossleep/oh_modules/.ohpm/@umeng+common@1.1.12/oh_modules/@umeng/common/src/main/cpp/types/libcommon,/Users/liuzheng/githubProjects/hossleep/oh_modules/.ohpm/@taobao-ohos+utdid_sdk@ecjyoomnzz6zaipo1koz9+avemnpw7+togfp5uwrtiu=/oh_modules/@taobao-ohos/utdid_sdk/src/main/cpp/types/libutdid_native,/Users/liuzheng/githubProjects/hossleep/oh_modules/.ohpm/@ohos+crypto-js@2.0.5/oh_modules/@ohos/crypto-js,/Users/liuzheng/githubProjects/hossleep/oh_modules/.ohpm/@alipay+blueshieldsdk@qgf9fllog8tazdv8uop120fy3saz8l+7jb55+sipesk=/oh_modules/@alipay/blueshieldsdk/src/main/cpp/types/libblueshield
[2026-07-30T16:16:01.542] [DEBUG] debug-file - Module entry's total dependency: 10
[2026-07-30T16:16:01.544] [DEBUG] debug-file - Configuration phase cost:1 s 69 ms 
[2026-07-30T16:16:01.544] [DEBUG] debug-file - Configuration task cost before running: 1 s 82 ms 
[2026-07-30T16:16:01.545] [DEBUG] debug-file - Executing task :entry:init
[2026-07-30T16:16:01.545] [DEBUG] debug-file - entry : init cost memory 0.0165252685546875
[2026-07-30T16:16:01.545] [DEBUG] debug-file - runTaskFromQueue task cost before running: 1 s 83 ms 
[2026-07-30T16:16:01.545] [INFO] debug-file - Finished :entry:init... after 1 ms 
[2026-07-30T16:16:01.545] [DEBUG] debug-file - Executing task ::init
[2026-07-30T16:16:01.545] [DEBUG] debug-file - hossleep : init cost memory 0.0141754150390625
[2026-07-30T16:16:01.545] [DEBUG] debug-file - runTaskFromQueue task cost before running: 1 s 83 ms 
[2026-07-30T16:16:01.545] [INFO] debug-file - Finished ::init... after 1 ms 
[2026-07-30T16:16:01.546] [DEBUG] debug-file - Obtain build option for module 'entry' target 'default'in this build.
[2026-07-30T16:16:01.547] [DEBUG] debug-file - Cleanup worker 0.
[2026-07-30T16:16:01.547] [DEBUG] debug-file - Worker 0 has been cleaned up.
[2026-07-30T16:16:01.547] [DEBUG] debug-file - Current idle worker size: 1.
[2026-07-30T16:16:01.547] [DEBUG] debug-file - Current resident worker size: 2.
[2026-07-30T16:16:01.547] [DEBUG] debug-file - Cleanup worker 1.
[2026-07-30T16:16:01.547] [DEBUG] debug-file - Worker 1 has been cleaned up.
[2026-07-30T16:16:01.547] [DEBUG] debug-file - Current idle worker size: 0.
[2026-07-30T16:16:01.547] [DEBUG] debug-file - Current resident worker size: 2.
[2026-07-30T16:16:01.548] [DEBUG] debug-file - hvigor build process will be closed.
[2026-07-30T16:16:01.616] [DEBUG] debug-file - worker[1] exits with exit code 1.
[2026-07-30T16:16:01.616] [DEBUG] debug-file - worker[0] exits with exit code 1.
[2026-07-30T16:16:01.626] [DEBUG] debug-file - session manager: send message to worker process.
[2026-07-30T16:16:01.626] [DEBUG] debug-file - session manager: send message to worker process.
[2026-07-30T16:16:01.626] [DEBUG] debug-file - watch worker: worker id should be larger than 0. Nothing will be sent to any worker thread.
[2026-07-30T16:16:01.626] [DEBUG] debug-file - watch worker: worker id should be larger than 0. Nothing will be sent to any worker thread.
[2026-07-30T18:16:30.081] [DEBUG] debug-file - env: nodejsVersion=v18.20.1
[2026-07-30T18:16:30.092] [DEBUG] debug-file - env: daemon=true
[2026-07-30T18:16:30.081] [DEBUG] debug-file - env: hvigor-config.json5 content = {
  modelVersion: '6.0.0',
  dependencies: {},
  execution: {},
  logging: {},
  debugging: {},
  nodeOptions: {}
}
[2026-07-30T18:16:30.402] [DEBUG] debug-file - hvigor java daemon: Starting java daemon. jvmXmxValue=512m, jarPath=/private/var/folders/rr/kxczvs853b3215s_zkhvslhc0000gn/T/AppTranslocation/AAC2FA03-01D6-46E5-92CC-DEF8C4AA47C9/d/DevEco-Studio.app/Contents/tools/hvigor/hvigor/lib/hvigor-java-daemon.jar
[2026-07-30T18:16:30.402] [DEBUG] debug-file - hvigor java daemon: Read cache file, 
    port=45050, pid=3092, sessionId exists=true
[2026-07-30T18:16:30.402] [DEBUG] debug-file - hvigor java daemon: Killing existing java daemon by pid=3092
[2026-07-30T18:16:30.414] [DEBUG] debug-file - hvigor java daemon: tryConnect failed, Error: connect ECONNREFUSED 127.0.0.1:45050, will start new daemon
[2026-07-30T18:16:30.419] [DEBUG] debug-file - java daemon started at port 45050 pid 6301
[2026-07-30T18:16:30.456] [DEBUG] debug-file - session manager: set active socket. socketId=jztK4sbhL-w6rKOcAAAB
[2026-07-30T18:16:30.622] [DEBUG] debug-file - watch worker: worker id should be larger than 0. Nothing will be sent to any worker thread.
[2026-07-30T18:16:30.623] [DEBUG] debug-file - Since there is no instance or instance is terminated, create a new worker pool.
[2026-07-30T18:16:30.623] [DEBUG] debug-file - Worker pool is initialized with config:  {
  minPoolNum: 2,
  maxPoolNum: undefined,
  maxCoreSize: undefined,
  cacheCapacity: undefined,
  cacheTtl: undefined
}
[2026-07-30T18:16:30.624] [DEBUG] debug-file - Create  resident worker with id: 0.
[2026-07-30T18:16:30.624] [DEBUG] debug-file - Create  resident worker with id: 1.
[2026-07-30T18:16:30.626] [DEBUG] debug-file - Workers' log level updated to INFO
[2026-07-30T18:16:30.629] [DEBUG] debug-file - Hvigor init with startParameters:{
  hvigorfileTypeCheck: false,
  parallelExecution: true,
  incrementalExecution: true,
  printStackTrace: false,
  daemon: true,
  analyze: 0,
  logLevel: Level { level: 20000, levelStr: 'INFO', colour: 'green' },
  optimizationStrategy: 'memory',
  hotCompile: undefined,
  hotReloadBuild: undefined,
  customizedParam: undefined
}
[2026-07-30T18:16:30.637] [DEBUG] debug-file - Cache service initialization finished in 8 ms 
[2026-07-30T18:16:30.638] [DEBUG] debug-file - hvigorfile, resolving /Users/liuzheng/githubProjects/hossleep/hvigorfile.ts
[2026-07-30T18:16:31.322] [DEBUG] debug-file - hvigorfile, require result:  { default: { plugins: [] } }
[2026-07-30T18:16:31.322] [DEBUG] debug-file - hvigorfile, binding system plugins null
[2026-07-30T18:16:31.322] [DEBUG] debug-file - Starting plugin build process
[2026-07-30T18:16:31.322] [DEBUG] debug-file - App plugin prepare start...
[2026-07-30T18:16:31.322] [DEBUG] debug-file - App plugin prepare end...
[2026-07-30T18:16:31.322] [DEBUG] debug-file - App plugin creating...
[2026-07-30T18:16:31.396] [DEBUG] debug-file - App plugin register hook start...
[2026-07-30T18:16:31.396] [DEBUG] debug-file - App plugin register hook end...
[2026-07-30T18:16:31.396] [DEBUG] debug-file - Plugin build process completed
[2026-07-30T18:16:31.396] [DEBUG] debug-file - Start initialize project's product build option map with build mode debug.
[2026-07-30T18:16:31.397] [DEBUG] debug-file - Picking option from product 'default' with build mode 'debug'.
[2026-07-30T18:16:31.397] [DEBUG] debug-file - Product 'default' build option initialized
[2026-07-30T18:16:31.397] [DEBUG] debug-file - Picking option from product 'release' with build mode 'debug'.
[2026-07-30T18:16:31.397] [DEBUG] debug-file - Product 'release' build option initialized
[2026-07-30T18:16:31.397] [DEBUG] debug-file - End initialize project's product build option map with build mode 'debug'.
[2026-07-30T18:16:31.398] [DEBUG] debug-file - Obtain build option for product 'default'in this build.
[2026-07-30T18:16:31.398] [DEBUG] debug-file - /Users/liuzheng/githubProjects/hossleep/build/cache/default/remote_hsp/remoteHspCache.json not exists.
[2026-07-30T18:16:31.399] [DEBUG] debug-file - Local scan or download HarmonyOS sdk components toolchains,ets,js,native,previewer
[2026-07-30T18:16:31.400] [DEBUG] debug-file - Local scan or download hmscore sdk components toolchains,ets,native
[2026-07-30T18:16:31.400] [DEBUG] debug-file - Start recording SDK configuration permission data.
[2026-07-30T18:16:31.416] [DEBUG] debug-file - Sdk init in 17 ms 
[2026-07-30T18:16:31.418] [DEBUG] debug-file - Project task initialization takes 2 ms 
[2026-07-30T18:16:31.418] [DEBUG] debug-file - hvigorfile, begin to bind custom plugins...
[2026-07-30T18:16:31.418] [DEBUG] debug-file - hvigorfile, no custom plugins were found in /Users/liuzheng/githubProjects/hossleep/hvigorfile.ts
[2026-07-30T18:16:31.418] [DEBUG] debug-file - hvigorfile, resolve finished /Users/liuzheng/githubProjects/hossleep/hvigorfile.ts
[2026-07-30T18:16:31.418] [DEBUG] debug-file - hvigorfile, resolving /Users/liuzheng/githubProjects/hossleep/entry/hvigorfile.ts
[2026-07-30T18:16:31.421] [DEBUG] debug-file - hvigorfile, require result:  { default: { plugins: [] } }
[2026-07-30T18:16:31.421] [DEBUG] debug-file - hvigorfile, binding system plugins null
[2026-07-30T18:16:31.421] [DEBUG] debug-file - Starting plugin build process
[2026-07-30T18:16:31.421] [DEBUG] debug-file - Hap plugin creating...
[2026-07-30T18:16:31.421] [DEBUG] debug-file - failed to load cangjie to dynamically generate schemas: Error: Cannot find module '@ohos/cangjie-build-support/index'
Require stack:
- /private/var/folders/rr/kxczvs853b3215s_zkhvslhc0000gn/T/AppTranslocation/AAC2FA03-01D6-46E5-92CC-DEF8C4AA47C9/d/DevEco-Studio.app/Contents/tools/hvigor/hvigor-ohos-plugin/src/plugin/hooks/cangjie-register.js
- /private/var/folders/rr/kxczvs853b3215s_zkhvslhc0000gn/T/AppTranslocation/AAC2FA03-01D6-46E5-92CC-DEF8C4AA47C9/d/DevEco-Studio.app/Contents/tools/hvigor/hvigor-ohos-plugin/src/plugin/strategy/stage-init-strategy.js
- /private/var/folders/rr/kxczvs853b3215s_zkhvslhc0000gn/T/AppTranslocation/AAC2FA03-01D6-46E5-92CC-DEF8C4AA47C9/d/DevEco-Studio.app/Contents/tools/hvigor/hvigor-ohos-plugin/src/plugin/builder/abstract-plugin-builder.js
- /private/var/folders/rr/kxczvs853b3215s_zkhvslhc0000gn/T/AppTranslocation/AAC2FA03-01D6-46E5-92CC-DEF8C4AA47C9/d/DevEco-Studio.app/Contents/tools/hvigor/hvigor-ohos-plugin/src/plugin/builder/app-plugin-builder.js
- /private/var/folders/rr/kxczvs853b3215s_zkhvslhc0000gn/T/AppTranslocation/AAC2FA03-01D6-46E5-92CC-DEF8C4AA47C9/d/DevEco-Studio.app/Contents/tools/hvigor/hvigor-ohos-plugin/src/plugin/factory/plugin-factory.js
- /private/var/folders/rr/kxczvs853b3215s_zkhvslhc0000gn/T/AppTranslocation/AAC2FA03-01D6-46E5-92CC-DEF8C4AA47C9/d/DevEco-Studio.app/Contents/tools/hvigor/hvigor-ohos-plugin/index.js
- /Users/liuzheng/githubProjects/hossleep/hvigorfile.ts
- /private/var/folders/rr/kxczvs853b3215s_zkhvslhc0000gn/T/AppTranslocation/AAC2FA03-01D6-46E5-92CC-DEF8C4AA47C9/d/DevEco-Studio.app/Contents/tools/hvigor/hvigor/src/base/internal/lifecycle/configuration.js
- /private/var/folders/rr/kxczvs853b3215s_zkhvslhc0000gn/T/AppTranslocation/AAC2FA03-01D6-46E5-92CC-DEF8C4AA47C9/d/DevEco-Studio.app/Contents/tools/hvigor/hvigor/src/base/boot/index.js
- /private/var/folders/rr/kxczvs853b3215s_zkhvslhc0000gn/T/AppTranslocation/AAC2FA03-01D6-46E5-92CC-DEF8C4AA47C9/d/DevEco-Studio.app/Contents/tools/hvigor/hvigor/src/base/daemon/cluster/worker-process-lifecycle.js
- /private/var/folders/rr/kxczvs853b3215s_zkhvslhc0000gn/T/AppTranslocation/AAC2FA03-01D6-46E5-92CC-DEF8C4AA47C9/d/DevEco-Studio.app/Contents/tools/hvigor/hvigor/src/base/daemon/process/daemon-process-boot-script.js
[2026-07-30T18:16:31.426] [DEBUG] debug-file - Start initialize module-target build option map, moduleName=entry, buildMode=debug
[2026-07-30T18:16:31.426] [DEBUG] debug-file - Target 'default' config initialized
[2026-07-30T18:16:31.426] [DEBUG] debug-file - Module 'entry' target 'default' build option initialized
[2026-07-30T18:16:31.426] [DEBUG] debug-file - End initialize module-target build option map, moduleName=entry
[2026-07-30T18:16:31.426] [DEBUG] debug-file - Start initialize module-target build option map, moduleName=entry, buildMode=release
[2026-07-30T18:16:31.426] [DEBUG] debug-file - Target 'default' config initialized
[2026-07-30T18:16:31.426] [DEBUG] debug-file - Module 'entry' target 'default' build option initialized
[2026-07-30T18:16:31.426] [DEBUG] debug-file - End initialize module-target build option map, moduleName=entry
[2026-07-30T18:16:31.426] [DEBUG] debug-file - Start initialize module-target build option map, moduleName=entry, buildMode=debug
[2026-07-30T18:16:31.426] [DEBUG] debug-file - Target 'default' config initialized
[2026-07-30T18:16:31.427] [DEBUG] debug-file - Module 'entry' target 'default' build option initialized
[2026-07-30T18:16:31.427] [DEBUG] debug-file - End initialize module-target build option map, moduleName=entry
[2026-07-30T18:16:31.427] [DEBUG] debug-file - Start initialize module-target build option map, moduleName=entry, buildMode=release
[2026-07-30T18:16:31.427] [DEBUG] debug-file - Target 'default' config initialized
[2026-07-30T18:16:31.427] [DEBUG] debug-file - Module 'entry' target 'default' build option initialized
[2026-07-30T18:16:31.427] [DEBUG] debug-file - End initialize module-target build option map, moduleName=entry
[2026-07-30T18:16:31.427] [DEBUG] debug-file - Start initialize module-target build option map, moduleName=entry, buildMode=debug
[2026-07-30T18:16:31.427] [DEBUG] debug-file - Target 'default' config initialized
[2026-07-30T18:16:31.427] [DEBUG] debug-file - Module 'entry' target 'default' build option initialized
[2026-07-30T18:16:31.427] [DEBUG] debug-file - End initialize module-target build option map, moduleName=entry
[2026-07-30T18:16:31.427] [DEBUG] debug-file - Obtain build option for module 'entry' target 'default'in this build.
[2026-07-30T18:16:31.429] [DEBUG] debug-file - Module entry task initialization takes 2 ms 
[2026-07-30T18:16:31.429] [DEBUG] debug-file - Hap plugin register hook start...
[2026-07-30T18:16:31.429] [DEBUG] debug-file - Hap plugin register hook end...
[2026-07-30T18:16:31.429] [DEBUG] debug-file - Plugin build process completed
[2026-07-30T18:16:31.429] [DEBUG] debug-file - hvigorfile, begin to bind custom plugins...
[2026-07-30T18:16:31.429] [DEBUG] debug-file - hvigorfile, no custom plugins were found in /Users/liuzheng/githubProjects/hossleep/entry/hvigorfile.ts
[2026-07-30T18:16:31.429] [DEBUG] debug-file - hvigorfile, resolve finished /Users/liuzheng/githubProjects/hossleep/entry/hvigorfile.ts
[2026-07-30T18:16:31.467] [DEBUG] debug-file - hvigorfile, resolve hvigorfile dependencies in 38 ms 
[2026-07-30T18:16:31.467] [DEBUG] debug-file - project has submodules:entry
[2026-07-30T18:16:31.468] [DEBUG] debug-file - start to load updatedOhPackageInfo to the disk
[2026-07-30T18:16:31.468] [DEBUG] debug-file - load to the disk finished
[2026-07-30T18:16:31.469] [DEBUG] debug-file - Start to initialize dependency information.
[2026-07-30T18:16:31.469] [DEBUG] debug-file - Module hossleep Collected Dependency: 
[2026-07-30T18:16:31.469] [DEBUG] debug-file - Module hossleep's total dependency: 0
[2026-07-30T18:16:31.470] [DEBUG] debug-file - Start to initialize dependency information.
[2026-07-30T18:16:31.478] [DEBUG] debug-file - Module entry Collected Dependency: /Users/liuzheng/githubProjects/hossleep/oh_modules/.ohpm/@cashier_alipay+cashiersdk@15.8.43/oh_modules/@cashier_alipay/cashiersdk,/Users/liuzheng/githubProjects/hossleep/oh_modules/.ohpm/@umeng+analytics@1.2.12/oh_modules/@umeng/analytics,/Users/liuzheng/githubProjects/hossleep/oh_modules/.ohpm/@umeng+common@1.1.12/oh_modules/@umeng/common,/Users/liuzheng/githubProjects/hossleep/oh_modules/.ohpm/@taobao-ohos+utdid_sdk@ecjyoomnzz6zaipo1koz9+avemnpw7+togfp5uwrtiu=/oh_modules/@taobao-ohos/utdid_sdk,/Users/liuzheng/githubProjects/hossleep/oh_modules/.ohpm/@alipay+blueshieldsdk@qgf9fllog8tazdv8uop120fy3saz8l+7jb55+sipesk=/oh_modules/@alipay/blueshieldsdk,/Users/liuzheng/githubProjects/hossleep/oh_modules/.ohpm/pako@2.1.0/oh_modules/pako,/Users/liuzheng/githubProjects/hossleep/oh_modules/.ohpm/@umeng+common@1.1.12/oh_modules/@umeng/common/src/main/cpp/types/libcommon,/Users/liuzheng/githubProjects/hossleep/oh_modules/.ohpm/@taobao-ohos+utdid_sdk@ecjyoomnzz6zaipo1koz9+avemnpw7+togfp5uwrtiu=/oh_modules/@taobao-ohos/utdid_sdk/src/main/cpp/types/libutdid_native,/Users/liuzheng/githubProjects/hossleep/oh_modules/.ohpm/@ohos+crypto-js@2.0.5/oh_modules/@ohos/crypto-js,/Users/liuzheng/githubProjects/hossleep/oh_modules/.ohpm/@alipay+blueshieldsdk@qgf9fllog8tazdv8uop120fy3saz8l+7jb55+sipesk=/oh_modules/@alipay/blueshieldsdk/src/main/cpp/types/libblueshield
[2026-07-30T18:16:31.478] [DEBUG] debug-file - Module entry's total dependency: 10
[2026-07-30T18:16:31.479] [DEBUG] debug-file - Configuration phase cost:842 ms 
[2026-07-30T18:16:31.480] [DEBUG] debug-file - Configuration task cost before running: 854 ms 
[2026-07-30T18:16:31.480] [DEBUG] debug-file - Executing task :entry:init
[2026-07-30T18:16:31.480] [DEBUG] debug-file - entry : init cost memory 0.01667022705078125
[2026-07-30T18:16:31.480] [DEBUG] debug-file - runTaskFromQueue task cost before running: 855 ms 
[2026-07-30T18:16:31.480] [INFO] debug-file - Finished :entry:init... after 1 ms 
[2026-07-30T18:16:31.480] [DEBUG] debug-file - Executing task ::init
[2026-07-30T18:16:31.480] [DEBUG] debug-file - hossleep : init cost memory 0.0141754150390625
[2026-07-30T18:16:31.480] [DEBUG] debug-file - runTaskFromQueue task cost before running: 855 ms 
[2026-07-30T18:16:31.480] [INFO] debug-file - Finished ::init... after 1 ms 
[2026-07-30T18:16:31.481] [DEBUG] debug-file - Obtain build option for module 'entry' target 'default'in this build.
[2026-07-30T18:16:31.482] [DEBUG] debug-file - Cleanup worker 0.
[2026-07-30T18:16:31.482] [DEBUG] debug-file - Worker 0 has been cleaned up.
[2026-07-30T18:16:31.482] [DEBUG] debug-file - Current idle worker size: 1.
[2026-07-30T18:16:31.482] [DEBUG] debug-file - Current resident worker size: 2.
[2026-07-30T18:16:31.482] [DEBUG] debug-file - Cleanup worker 1.
[2026-07-30T18:16:31.482] [DEBUG] debug-file - Worker 1 has been cleaned up.
[2026-07-30T18:16:31.482] [DEBUG] debug-file - Current idle worker size: 0.
[2026-07-30T18:16:31.482] [DEBUG] debug-file - Current resident worker size: 2.
[2026-07-30T18:16:31.482] [DEBUG] debug-file - hvigor build process will be closed.
[2026-07-30T18:16:31.555] [DEBUG] debug-file - worker[0] exits with exit code 1.
[2026-07-30T18:16:31.555] [DEBUG] debug-file - worker[1] exits with exit code 1.
[2026-07-30T18:16:31.565] [DEBUG] debug-file - session manager: send message to worker process.
[2026-07-30T18:16:31.565] [DEBUG] debug-file - session manager: send message to worker process.
[2026-07-30T18:16:31.565] [DEBUG] debug-file - watch worker: worker id should be larger than 0. Nothing will be sent to any worker thread.
[2026-07-30T18:16:31.565] [DEBUG] debug-file - watch worker: worker id should be larger than 0. Nothing will be sent to any worker thread.
